{"stat.leaveGame":4,"stat.mineBlock.133":4,"stat.killEntity.Blaze":9,"stat.mineBlock.14":58,"stat.mineBlock.13":20,"stat.mineBlock.16":131,"stat.mineBlock.15":266,"stat.mineBlock.18":491,"stat.mineBlock.17":34,"stat.entityKilledBy.DRPGScorcher":1,"achievement.scarab":3,"stat.mineBlock.12":145,"stat.entityKilledBy.Spider":4,"stat.killEntity.DRPGEnderSpider":1,"stat.mineBlock.112":181,"stat.killEntity.Enderman":1,"stat.mineBlock.116":4,"achievement.buildPickaxe":50,"stat.killEntity.Witch":1,"achievement.buildBetterPickaxe":50,"stat.mineBlock.129":18,"stat.mineBlock.175":7,"stat.killEntity.fiskheroes.Creetle":6,"stat.killEntity.DRPGUndeadMiner":2,"stat.killEntity.DRPGCyclops":10,"stat.entityKilledBy.DRPGHellSpider":1,"achievement.mineWood":49,"stat.useItem.87":26,"stat.useItem.88":4,"stat.useItem.89":11,"achievement.openInventory":1231,"achievement.fiskheroes.suitFabricator":1,"stat.mineBlock.153":19,"stat.useItem.98":158,"stat.deaths":64,"stat.playOneMinute":636143,"stat.mineBlock.170":29,"achievement.dinoDna":23,"stat.killEntity.DRPGTheEye":1,"stat.fallOneCm":355757,"achievement.killCow":1,"stat.craftItem.1":270,"achievement.fiskheroes.killCreetle":6,"stat.craftItem.5":180,"achievement.fiskheroes.tier1":3,"achievement.analyzer":1,"stat.blockChiseled":406,"stat.killEntity.LavaSlime":16,"stat.entityKilledBy.DRPGPumpkinSpider":2,"achievement.tablet":2293,"stat.useItem.6":13,"stat.useItem.1":7,"halloweenSpirit":13,"stat.useItem.4":450,"stat.useItem.5":13,"stat.useItem.3":57,"stat.entityKilledBy.Blaze":3,"stat.useItem.355":4,"stat.craftItem.101":16,"stat.useItem.112":28,"stat.craftItem.345":1,"stat.useItem.116":4,"stat.craftItem.61":3,"stat.killEntity.DRPGKobblin":2,"stat.killEntity.DRPGPumpkinSpider":2,"stat.swimOneCm":145731,"stat.craftItem.333":2,"stat.climbOneCm":13629,"achievement.buildWorkBench":7,"stat.craftItem.325":1,"achievement.exploreAllBiomes":{"value":0,"progress":["Birch Forest Hills","Chaos","Sunflower Plains","Savanna Plateau","ForestHills","Magical Forest","Flower Forest","Birch Forest","Plains","Beach","Stone Beach","Eerie","Ocean","Forest","River","Utopia","Taiga","Desert","Extreme Hills","Islands","Swampland","Deep Ocean","Hell","Savanna"]},"stat.useItem.331":17,"stat.craftItem.364":42,"stat.useItem.338":7,"stat.craftItem.89":12,"eyeOfEvil":6,"stat.mineBlock.4":10,"stat.mineBlock.5":11,"stat.mineBlock.3":112,"stat.mineBlock.1":13817,"stat.killEntity.DRPGCaveclops":1,"stat.mineBlock.6":1,"achievement.sifter":1,"stat.flyOneCm":2080519,"stat.craftItem.351":140,"stat.craftItem.355":1,"stat.craftItem.98":64,"stat.killEntity.DRPGCaveCrawler":2,"stat.craftItem.301":1,"stat.craftItem.20":130,"stat.killEntity.Creeper":1,"stat.craftItem.35":8,"stat.entityKilledBy.Skeleton":5,"stat.craftItem.33":2,"achievement.buildSword":2,"stat.killEntity.Squid":1,"stat.breakItem.274":10,"stat.breakItem.275":1,"stat.breakItem.278":1,"stat.craftItem.44":6,"achievement.killEnemy":187,"stat.craftItem.58":4,"stat.drop":581,"stat.killEntity.Sheep":5,"stat.craftItem.54":4,"stat.killEntity.DRPGRotatick":1,"stat.killEntity.Zombie":64,"stat.diveOneCm":74649,"stat.useItem.67":1,"stat.useItem.61":3,"achievement.buildHoe":1,"stat.breakItem.257":11,"stat.mineBlock.81":11,"stat.mineBlock.82":19,"stat.mineBlock.85":2,"stat.mineBlock.87":105,"stat.mineBlock.89":29,"stat.mineBlock.88":4,"stat.craftItem.296":270,"stat.craftItem.297":90,"stat.jump":9711,"stat.craftItem.290":1,"stat.craftItem.171":3,"stat.mineBlock.98":547,"stat.useItem.175":3,"stat.entityKilledBy.DRPGTheGrue":1,"stat.boatOneCm":105412,"stat.entityKilledBy.DRPGCyclops":3,"stat.damageTaken":451724,"stat.mineBlock.61":4,"stat.useItem.47":1,"stat.useItem.49":116,"stat.useItem.54":8,"stat.useItem.56":4,"stat.useItem.50":3,"stat.entityKilledBy.Zombie":4,"stat.damageDealt":65632,"stat.mineBlock.70":12,"stat.killEntity.Cow":18,"stat.mineBlock.73":18,"stat.killEntity.Pig":1,"stat.useItem.58":5,"stat.killEntity.DRPGTheGrue":1,"stat.useItem.274":1578,"stat.mineBlock.47":12,"stat.craftItem.261":1,"stat.mineBlock.49":150,"stat.craftItem.263":4,"stat.useItem.397":4,"stat.useItem.275":4,"stat.craftItem.264":63,"stat.walkOneCm":3435649,"stat.craftItem.265":219,"stat.useItem.278":1762,"stat.craftItem.266":57,"stat.craftItem.388":36,"stat.playerKills":3,"stat.craftItem.258":1,"stat.craftItem.259":1,"stat.mineBlock.41":2,"stat.useItem.283":6,"stat.mineBlock.44":2,"stat.mineBlock.58":4,"stat.craftItem.371":9,"stat.mineBlock.57":7,"stat.craftItem.256":1,"stat.craftItem.257":8,"stat.breakItem.316":1,"stat.mineBlock.101":4,"stat.mineBlock.50":1,"stat.useItem.39":1,"stat.craftItem.126":6,"stat.useItem.290":1,"stat.mineBlock.54":1,"stat.useItem.37":1,"stat.mineBlock.56":72,"stat.mineBlock.109":1,"stat.useItem.38":6,"stat.killEntity.Skeleton":46,"stat.useItem.256":130,"stat.useItem.379":1,"stat.useItem.257":2760,"stat.useItem.259":3,"stat.craftItem.280":64,"stat.killEntity.Spider":20,"stat.mobKills":382,"stat.mineBlock.21":1,"achievement.firstFossil":250,"stat.craftItem.274":14,"stat.mineBlock.38":5,"stat.useItem.12":8,"stat.mineBlock.37":1,"stat.craftItem.275":2,"stat.useItem.267":29,"stat.craftItem.276":1,"stat.craftItem.278":3,"stat.useItem.17":1,"stat.mineBlock.31":75,"stat.useItem.14":1,"stat.useItem.390":1}