{"stat.leaveGame":6,"stat.mineBlock.133":5,"stat.killEntity.Blaze":20,"stat.mineBlock.14":282,"stat.mineBlock.13":153,"stat.mineBlock.16":150,"stat.mineBlock.15":713,"stat.mineBlock.18":789,"stat.mineBlock.17":36,"stat.entityKilledBy.DRPGScorcher":1,"achievement.scarab":3,"stat.mineBlock.12":227,"stat.entityKilledBy.Spider":5,"achievement.diamonds":32,"stat.killEntity.DRPGEnderSpider":1,"stat.mineBlock.112":581,"stat.killEntity.Enderman":1,"stat.killEntity.DRPGRainbour":1,"stat.mineBlock.113":6,"stat.mineBlock.116":6,"achievement.buildPickaxe":64,"stat.killEntity.Witch":3,"stat.killEntity.Villager":1,"achievement.buildBetterPickaxe":64,"stat.mineBlock.129":49,"stat.mineBlock.175":7,"stat.killEntity.fiskheroes.Creetle":31,"stat.killEntity.DRPGUndeadMiner":6,"achievement.findAnuTotem":628,"stat.killEntity.DRPGCyclops":11,"stat.entityKilledBy.DRPGHellSpider":1,"achievement.mineWood":54,"stat.useItem.87":27,"stat.useItem.88":22,"stat.useItem.89":18,"achievement.openInventory":2546,"stat.useItem.81":5,"achievement.fiskheroes.suitFabricator":1,"stat.mineBlock.153":19,"stat.useItem.98":286,"achievement.ghast":1,"stat.deaths":89,"stat.playOneMinute":1292311,"stat.mineBlock.170":29,"achievement.dinoDna":29,"stat.killEntity.DRPGTheEye":1,"achievement.fiskheroes.downloadSuit":7,"stat.killEntity.Ghast":3,"stat.fallOneCm":445070,"achievement.killCow":16,"stat.craftItem.1":270,"achievement.fiskheroes.killCreetle":31,"stat.craftItem.5":256,"achievement.fiskheroes.tier1":7,"achievement.analyzer":1,"stat.blockChiseled":882,"stat.killEntity.LavaSlime":19,"stat.entityKilledBy.DRPGPumpkinSpider":2,"stat.killEntity.DRPGCrab":1,"achievement.portal":4,"achievement.tablet":4918,"stat.useItem.6":13,"achievement.acquireIron":24,"stat.useItem.1":7,"halloweenSpirit":13,"stat.useItem.4":561,"stat.useItem.5":19,"stat.useItem.3":65,"stat.entityKilledBy.Blaze":3,"stat.useItem.355":4,"stat.craftItem.101":16,"stat.useItem.112":41,"stat.craftItem.345":1,"stat.useItem.116":5,"stat.craftItem.61":5,"stat.killEntity.DRPGKobblin":9,"stat.killEntity.DRPGPumpkinSpider":5,"stat.craftItem.330":3,"stat.swimOneCm":313360,"stat.craftItem.333":2,"stat.climbOneCm":14757,"achievement.buildWorkBench":16,"stat.craftItem.325":3,"achievement.exploreAllBiomes":{"value":0,"progress":["Chaos","Sunflower Plains","Birch Forest","MushroomIslandShore","Beach","Extreme Hills+","Ocean","River","Utopia","Taiga","Islands","MushroomIsland","Swampland","Birch Forest Hills","Savanna Plateau","ForestHills","Magical Forest","Flower Forest","Plains","Stone Beach","Eerie","Forest","Desert","Extreme Hills","Deep Ocean","Hell","Savanna"]},"stat.useItem.331":18,"stat.craftItem.364":42,"stat.craftItem.366":5,"stat.useItem.338":7,"stat.craftItem.89":58,"eyeOfEvil":29,"stat.mineBlock.4":26,"stat.mineBlock.5":17,"stat.mineBlock.3":1453,"stat.mineBlock.1":24348,"stat.craftItem.82":12,"stat.killEntity.DRPGCaveclops":6,"stat.mineBlock.6":1,"achievement.sifter":1,"stat.flyOneCm":6839409,"stat.craftItem.351":180,"stat.useItem.101":1,"stat.craftItem.355":1,"achievement.fossilSeeds":6,"stat.useItem.107":2,"stat.craftItem.95":8,"stat.craftItem.98":64,"stat.killEntity.DRPGCaveCrawler":8,"stat.entityKilledBy.DRPGUndeadMiner":3,"stat.craftItem.107":4,"stat.craftItem.301":1,"stat.craftItem.20":206,"stat.killEntity.Creeper":19,"stat.useItem.324":1,"stat.useItem.323":9,"stat.craftItem.35":14,"stat.entityKilledBy.Skeleton":5,"stat.craftItem.33":2,"achievement.buildSword":2,"stat.killEntity.Squid":4,"stat.craftItem.321":2,"stat.craftItem.323":9,"stat.breakItem.274":10,"stat.breakItem.275":1,"stat.breakItem.278":1,"stat.craftItem.44":12,"achievement.killEnemy":416,"achievement.buildFurnace":4,"stat.craftItem.58":9,"stat.drop":1012,"stat.killEntity.Sheep":36,"stat.craftItem.54":4,"stat.killEntity.DRPGRotatick":2,"stat.killEntity.Zombie":91,"stat.diveOneCm":114672,"stat.useItem.67":1,"stat.useItem.61":3,"achievement.buildHoe":1,"stat.breakItem.257":11,"stat.killEntity.Slime":1,"stat.mineBlock.81":16,"stat.mineBlock.82":31,"stat.mineBlock.85":2,"stat.mineBlock.87":116,"stat.mineBlock.89":73,"stat.mineBlock.88":30,"stat.craftItem.296":834,"stat.craftItem.297":278,"stat.jump":12974,"stat.useItem.73":3,"stat.craftItem.290":1,"stat.craftItem.171":3,"stat.craftItem.172":8,"achievement.makeBread":312,"stat.mineBlock.98":1185,"stat.useItem.175":5,"stat.useItem.44":1,"stat.entityKilledBy.DRPGTheGrue":1,"stat.boatOneCm":105412,"stat.entityKilledBy.DRPGCyclops":5,"stat.damageTaken":-2146917689,"stat.mineBlock.61":4,"stat.useItem.47":1,"stat.useItem.49":147,"stat.useItem.54":22,"stat.mineBlock.79":4,"stat.useItem.56":4,"stat.useItem.50":25,"stat.entityKilledBy.Zombie":7,"stat.damageDealt":191294,"stat.mineBlock.70":12,"stat.killEntity.Cow":18,"stat.mineBlock.73":119,"stat.killEntity.Pig":2,"stat.useItem.58":8,"stat.killEntity.DRPGTheGrue":3,"stat.useItem.274":1578,"stat.mineBlock.47":12,"stat.craftItem.261":1,"stat.useItem.20":7,"stat.mineBlock.49":165,"stat.craftItem.263":6,"stat.useItem.397":15,"stat.useItem.275":4,"stat.craftItem.264":81,"stat.useItem.154":1,"stat.walkOneCm":5584595,"stat.craftItem.265":688,"stat.useItem.278":1762,"stat.craftItem.266":335,"stat.craftItem.388":36,"stat.playerKills":4,"stat.craftItem.258":1,"stat.craftItem.259":2,"stat.mineBlock.41":16,"stat.useItem.283":6,"stat.mineBlock.44":5,"stat.mineBlock.58":5,"stat.craftItem.371":288,"stat.mineBlock.57":12,"stat.useItem.287":3,"stat.craftItem.256":1,"stat.craftItem.377":4,"stat.craftItem.257":9,"stat.breakItem.316":1,"stat.mineBlock.101":19,"stat.mineBlock.50":14,"stat.useItem.39":1,"stat.craftItem.126":6,"stat.useItem.290":1,"stat.mineBlock.54":15,"stat.useItem.37":1,"stat.mineBlock.56":147,"stat.mineBlock.109":1,"stat.useItem.38":7,"stat.killEntity.Skeleton":116,"stat.useItem.256":130,"stat.useItem.379":1,"stat.useItem.258":34,"stat.useItem.257":2967,"stat.useItem.259":20,"stat.craftItem.280":84,"stat.killEntity.Spider":27,"stat.craftItem.159":0,"stat.mobKills":8352,"stat.mineBlock.21":1,"stat.mineBlock.20":7,"achievement.firstFossil":392,"stat.craftItem.152":24,"stat.craftItem.274":14,"stat.mineBlock.38":11,"stat.useItem.12":18,"stat.mineBlock.37":1,"stat.craftItem.275":2,"stat.craftItem.154":1,"stat.useItem.267":29,"stat.craftItem.276":1,"stat.craftItem.155":4,"stat.craftItem.278":3,"stat.useItem.389":1,"stat.useItem.17":1,"stat.useItem.13":16,"stat.mineBlock.31":99,"stat.useItem.14":22,"stat.useItem.390":1,"stat.useItem.15":12}