{"stat.leaveGame":6,"stat.mineBlock.133":4,"stat.killEntity.Blaze":9,"stat.mineBlock.14":131,"stat.mineBlock.13":132,"stat.mineBlock.16":132,"stat.mineBlock.15":539,"stat.mineBlock.18":491,"stat.mineBlock.17":36,"stat.entityKilledBy.DRPGScorcher":1,"achievement.scarab":3,"stat.mineBlock.12":159,"stat.entityKilledBy.Spider":5,"achievement.diamonds":12,"stat.killEntity.DRPGEnderSpider":1,"stat.mineBlock.112":194,"stat.killEntity.Enderman":1,"stat.killEntity.DRPGRainbour":1,"stat.mineBlock.116":5,"achievement.buildPickaxe":60,"stat.killEntity.Witch":1,"stat.killEntity.Villager":1,"achievement.buildBetterPickaxe":60,"stat.mineBlock.129":32,"stat.mineBlock.175":7,"stat.killEntity.fiskheroes.Creetle":9,"stat.killEntity.DRPGUndeadMiner":3,"stat.killEntity.DRPGCyclops":11,"stat.entityKilledBy.DRPGHellSpider":1,"achievement.mineWood":54,"stat.useItem.87":27,"stat.useItem.88":4,"stat.useItem.89":16,"achievement.openInventory":1855,"stat.useItem.81":5,"achievement.fiskheroes.suitFabricator":1,"stat.mineBlock.153":19,"stat.useItem.98":266,"stat.deaths":86,"stat.playOneMinute":918817,"stat.mineBlock.170":29,"achievement.dinoDna":23,"stat.killEntity.DRPGTheEye":1,"achievement.fiskheroes.downloadSuit":2,"stat.fallOneCm":422001,"achievement.killCow":3,"stat.craftItem.1":270,"achievement.fiskheroes.killCreetle":9,"stat.craftItem.5":240,"achievement.fiskheroes.tier1":5,"achievement.analyzer":1,"stat.blockChiseled":415,"stat.killEntity.LavaSlime":19,"stat.entityKilledBy.DRPGPumpkinSpider":2,"achievement.tablet":2293,"stat.useItem.6":13,"achievement.acquireIron":14,"stat.useItem.1":7,"halloweenSpirit":13,"stat.useItem.4":509,"stat.useItem.5":19,"stat.useItem.3":61,"stat.entityKilledBy.Blaze":3,"stat.useItem.355":4,"stat.craftItem.101":16,"stat.useItem.112":41,"stat.craftItem.345":1,"stat.useItem.116":5,"stat.craftItem.61":4,"stat.killEntity.DRPGKobblin":5,"stat.killEntity.DRPGPumpkinSpider":2,"stat.swimOneCm":262330,"stat.craftItem.333":2,"stat.climbOneCm":14308,"achievement.buildWorkBench":8,"stat.craftItem.325":2,"achievement.exploreAllBiomes":{"value":0,"progress":["Birch Forest Hills","Chaos","Sunflower Plains","Savanna Plateau","ForestHills","Magical Forest","Flower Forest","Birch Forest","Plains","Beach","Stone Beach","Eerie","Ocean","Forest","River","Utopia","Taiga","Desert","Extreme Hills","Islands","Swampland","Deep Ocean","Hell","Savanna"]},"stat.useItem.331":17,"stat.craftItem.364":42,"stat.useItem.338":7,"stat.craftItem.89":12,"eyeOfEvil":6,"stat.mineBlock.4":22,"stat.mineBlock.5":17,"stat.mineBlock.3":203,"stat.mineBlock.1":19115,"stat.killEntity.DRPGCaveclops":2,"stat.mineBlock.6":1,"achievement.sifter":1,"stat.flyOneCm":2716612,"stat.craftItem.351":148,"stat.useItem.101":1,"stat.craftItem.355":1,"achievement.fossilSeeds":2,"stat.useItem.107":2,"stat.craftItem.98":64,"stat.killEntity.DRPGCaveCrawler":3,"stat.entityKilledBy.DRPGUndeadMiner":3,"stat.craftItem.107":4,"stat.craftItem.301":1,"stat.craftItem.20":130,"stat.killEntity.Creeper":10,"stat.useItem.324":1,"stat.useItem.323":9,"stat.craftItem.35":12,"stat.entityKilledBy.Skeleton":5,"stat.craftItem.33":2,"achievement.buildSword":2,"stat.killEntity.Squid":1,"stat.craftItem.323":9,"stat.breakItem.274":10,"stat.breakItem.275":1,"stat.breakItem.278":1,"stat.craftItem.44":12,"achievement.killEnemy":257,"achievement.buildFurnace":2,"stat.craftItem.58":5,"stat.drop":760,"stat.killEntity.Sheep":7,"stat.craftItem.54":4,"stat.killEntity.DRPGRotatick":2,"stat.killEntity.Zombie":82,"stat.diveOneCm":75597,"stat.useItem.67":1,"stat.useItem.61":3,"achievement.buildHoe":1,"stat.breakItem.257":11,"stat.mineBlock.81":16,"stat.mineBlock.82":19,"stat.mineBlock.85":2,"stat.mineBlock.87":106,"stat.mineBlock.89":31,"stat.mineBlock.88":4,"stat.craftItem.296":270,"stat.craftItem.297":90,"stat.jump":12025,"stat.craftItem.290":1,"stat.craftItem.171":3,"stat.mineBlock.98":603,"stat.useItem.175":3,"stat.useItem.44":1,"stat.entityKilledBy.DRPGTheGrue":1,"stat.boatOneCm":105412,"stat.entityKilledBy.DRPGCyclops":5,"stat.damageTaken":-2146952768,"stat.mineBlock.61":4,"stat.useItem.47":1,"stat.useItem.49":123,"stat.useItem.54":19,"stat.useItem.56":4,"stat.useItem.50":11,"stat.entityKilledBy.Zombie":7,"stat.damageDealt":120302,"stat.mineBlock.70":12,"stat.killEntity.Cow":18,"stat.mineBlock.73":20,"stat.killEntity.Pig":1,"stat.useItem.58":6,"stat.killEntity.DRPGTheGrue":1,"stat.useItem.274":1578,"stat.mineBlock.47":12,"stat.craftItem.261":1,"stat.useItem.20":7,"stat.mineBlock.49":157,"stat.craftItem.263":5,"stat.useItem.397":6,"stat.useItem.275":4,"stat.craftItem.264":81,"stat.useItem.154":1,"stat.walkOneCm":4876763,"stat.craftItem.265":500,"stat.useItem.278":1762,"stat.craftItem.266":180,"stat.craftItem.388":36,"stat.playerKills":4,"stat.craftItem.258":1,"stat.craftItem.259":2,"stat.mineBlock.41":11,"stat.useItem.283":6,"stat.mineBlock.44":2,"stat.mineBlock.58":5,"stat.craftItem.371":135,"stat.mineBlock.57":9,"stat.useItem.287":3,"stat.craftItem.256":1,"stat.craftItem.377":4,"stat.craftItem.257":8,"stat.breakItem.316":1,"stat.mineBlock.101":15,"stat.mineBlock.50":3,"stat.useItem.39":1,"stat.craftItem.126":6,"stat.useItem.290":1,"stat.mineBlock.54":13,"stat.useItem.37":1,"stat.mineBlock.56":113,"stat.mineBlock.109":1,"stat.useItem.38":6,"stat.killEntity.Skeleton":61,"stat.useItem.256":130,"stat.useItem.379":1,"stat.useItem.257":2760,"stat.useItem.259":17,"stat.craftItem.280":64,"stat.killEntity.Spider":25,"stat.mobKills":7075,"stat.mineBlock.21":1,"stat.mineBlock.20":7,"achievement.firstFossil":275,"stat.craftItem.274":14,"stat.mineBlock.38":7,"stat.useItem.12":18,"stat.mineBlock.37":1,"stat.craftItem.275":2,"stat.craftItem.154":1,"stat.useItem.267":29,"stat.craftItem.276":1,"stat.craftItem.278":3,"stat.useItem.17":1,"stat.mineBlock.31":85,"stat.useItem.14":1,"stat.useItem.390":1}