{"stat.useItem.355":1,"stat.craftItem.101":16,"stat.useItem.116":1,"stat.craftItem.61":3,"stat.leaveGame":3,"stat.killEntity.DRPGKobblin":2,"stat.mineBlock.133":4,"stat.killEntity.Blaze":6,"stat.mineBlock.14":58,"stat.mineBlock.13":20,"stat.mineBlock.16":131,"stat.mineBlock.15":266,"stat.killEntity.DRPGPumpkinSpider":2,"stat.mineBlock.18":339,"stat.mineBlock.17":16,"stat.swimOneCm":121616,"stat.climbOneCm":10893,"achievement.buildWorkBench":4,"stat.craftItem.325":1,"achievement.scarab":3,"achievement.exploreAllBiomes":{"value":0,"progress":["Birch Forest Hills","Sunflower Plains","ForestHills","Magical Forest","Flower Forest","Birch Forest","Plains","Beach","Stone Beach","Eerie","Ocean","Forest","River","Taiga","Extreme Hills","Swampland","Deep Ocean"]},"stat.mineBlock.12":87,"stat.craftItem.364":24,"stat.mineBlock.4":6,"stat.mineBlock.5":11,"stat.mineBlock.3":58,"stat.mineBlock.1":13259,"stat.killEntity.DRPGEnderSpider":1,"stat.killEntity.DRPGCaveclops":1,"stat.mineBlock.116":1,"achievement.sifter":1,"stat.flyOneCm":1197909,"stat.craftItem.351":114,"achievement.buildPickaxe":47,"stat.killEntity.Witch":1,"stat.craftItem.98":64,"stat.killEntity.DRPGCaveCrawler":2,"achievement.buildBetterPickaxe":47,"stat.mineBlock.129":18,"stat.craftItem.301":1,"stat.craftItem.20":72,"stat.mineBlock.175":2,"stat.killEntity.fiskheroes.Creetle":6,"stat.killEntity.Creeper":1,"stat.killEntity.DRPGUndeadMiner":2,"stat.killEntity.DRPGCyclops":8,"stat.entityKilledBy.Skeleton":4,"stat.craftItem.33":2,"achievement.buildSword":1,"achievement.mineWood":34,"stat.killEntity.Squid":1,"stat.breakItem.274":10,"achievement.openInventory":841,"stat.breakItem.275":1,"stat.breakItem.278":1,"stat.craftItem.44":6,"achievement.killEnemy":114,"stat.useItem.98":138,"stat.craftItem.58":2,"stat.deaths":34,"stat.drop":465,"stat.playOneMinute":432991,"stat.killEntity.Sheep":4,"stat.mineBlock.170":29,"stat.craftItem.54":4,"stat.killEntity.DRPGRotatick":1,"stat.killEntity.Zombie":53,"stat.diveOneCm":60048,"achievement.dinoDna":20,"stat.useItem.67":1,"stat.useItem.61":3,"stat.breakItem.257":11,"stat.mineBlock.82":19,"stat.mineBlock.85":2,"stat.mineBlock.89":1,"stat.mineBlock.88":4,"stat.craftItem.296":270,"stat.craftItem.297":90,"stat.jump":6423,"stat.fallOneCm":257271,"achievement.killCow":1,"stat.craftItem.1":270,"stat.mineBlock.98":331,"achievement.fiskheroes.killCreetle":6,"stat.useItem.175":1,"stat.entityKilledBy.DRPGTheGrue":1,"stat.craftItem.5":148,"stat.damageTaken":53118,"achievement.fiskheroes.tier1":2,"stat.mineBlock.61":4,"stat.useItem.47":1,"stat.useItem.54":4,"stat.useItem.56":4,"stat.useItem.50":1,"stat.entityKilledBy.Zombie":1,"stat.damageDealt":59632,"stat.mineBlock.70":12,"stat.killEntity.Cow":18,"stat.mineBlock.73":17,"achievement.analyzer":1,"stat.useItem.58":2,"stat.killEntity.DRPGTheGrue":1,"stat.useItem.274":1578,"stat.mineBlock.47":12,"stat.mineBlock.49":45,"stat.craftItem.263":4,"stat.useItem.275":4,"stat.craftItem.264":63,"stat.walkOneCm":2272796,"stat.craftItem.265":219,"stat.useItem.278":1762,"stat.craftItem.266":56,"stat.craftItem.388":36,"stat.playerKills":3,"stat.useItem.283":6,"stat.mineBlock.44":2,"stat.mineBlock.58":2,"stat.mineBlock.57":7,"stat.entityKilledBy.DRPGPumpkinSpider":2,"stat.craftItem.256":1,"stat.craftItem.257":8,"stat.breakItem.316":1,"stat.mineBlock.101":3,"stat.mineBlock.50":1,"stat.useItem.39":1,"stat.craftItem.126":6,"stat.useItem.37":1,"stat.mineBlock.56":71,"stat.mineBlock.109":1,"stat.killEntity.Skeleton":20,"stat.useItem.256":130,"stat.useItem.379":1,"stat.useItem.257":2760,"stat.craftItem.280":52,"stat.killEntity.Spider":10,"achievement.tablet":2180,"stat.mobKills":303,"stat.mineBlock.21":1,"achievement.firstFossil":225,"stat.useItem.6":7,"stat.craftItem.274":14,"stat.mineBlock.38":4,"stat.useItem.12":8,"stat.mineBlock.37":1,"stat.craftItem.275":2,"stat.useItem.267":29,"stat.craftItem.278":3,"stat.useItem.1":7,"halloweenSpirit":13,"stat.useItem.4":426,"stat.useItem.5":1,"stat.useItem.3":29,"stat.entityKilledBy.Blaze":2,"stat.useItem.17":1,"stat.mineBlock.31":54,"stat.useItem.14":1,"stat.useItem.390":1}