{"stat.useItem.355":2,"stat.craftItem.101":16,"stat.useItem.112":28,"stat.craftItem.345":1,"stat.useItem.116":3,"stat.craftItem.61":3,"stat.leaveGame":3,"stat.killEntity.DRPGKobblin":2,"stat.mineBlock.133":4,"stat.killEntity.Blaze":9,"stat.mineBlock.14":58,"stat.mineBlock.13":20,"stat.mineBlock.16":131,"stat.mineBlock.15":266,"stat.killEntity.DRPGPumpkinSpider":2,"stat.mineBlock.18":489,"stat.mineBlock.17":31,"stat.swimOneCm":144126,"stat.craftItem.333":2,"stat.entityKilledBy.DRPGScorcher":1,"stat.climbOneCm":12165,"achievement.buildWorkBench":6,"stat.craftItem.325":1,"achievement.scarab":3,"achievement.exploreAllBiomes":{"value":0,"progress":["Birch Forest Hills","Sunflower Plains","ForestHills","Magical Forest","Flower Forest","Birch Forest","Plains","Beach","Stone Beach","Eerie","Ocean","Forest","River","Taiga","Desert","Extreme Hills","Swampland","Deep Ocean","Hell"]},"stat.mineBlock.12":87,"stat.useItem.331":8,"stat.craftItem.364":42,"stat.entityKilledBy.Spider":2,"stat.useItem.338":7,"stat.craftItem.89":11,"eyeOfEvil":6,"stat.mineBlock.4":10,"stat.mineBlock.5":11,"stat.mineBlock.3":60,"stat.mineBlock.1":13816,"stat.killEntity.DRPGEnderSpider":1,"stat.killEntity.DRPGCaveclops":1,"stat.mineBlock.112":181,"stat.mineBlock.116":3,"stat.mineBlock.6":1,"achievement.sifter":1,"stat.flyOneCm":1717923,"stat.craftItem.351":138,"achievement.buildPickaxe":48,"stat.craftItem.355":1,"stat.killEntity.Witch":1,"stat.craftItem.98":64,"stat.killEntity.DRPGCaveCrawler":2,"achievement.buildBetterPickaxe":48,"stat.mineBlock.129":18,"stat.craftItem.301":1,"stat.craftItem.20":72,"stat.mineBlock.175":4,"stat.killEntity.fiskheroes.Creetle":6,"stat.killEntity.Creeper":1,"stat.killEntity.DRPGUndeadMiner":2,"stat.killEntity.DRPGCyclops":9,"stat.craftItem.35":3,"stat.entityKilledBy.Skeleton":5,"stat.craftItem.33":2,"stat.entityKilledBy.DRPGHellSpider":1,"achievement.buildSword":2,"achievement.mineWood":47,"stat.killEntity.Squid":1,"stat.useItem.87":2,"stat.useItem.88":4,"stat.useItem.89":10,"stat.breakItem.274":10,"achievement.openInventory":1069,"stat.breakItem.275":1,"stat.breakItem.278":1,"stat.craftItem.44":6,"stat.mineBlock.153":19,"achievement.killEnemy":182,"stat.useItem.98":142,"stat.craftItem.58":3,"stat.deaths":49,"stat.drop":528,"stat.playOneMinute":548594,"stat.killEntity.Sheep":4,"stat.mineBlock.170":29,"stat.craftItem.54":4,"stat.killEntity.DRPGRotatick":1,"stat.killEntity.Zombie":63,"stat.diveOneCm":73806,"achievement.dinoDna":23,"stat.killEntity.DRPGTheEye":1,"stat.useItem.67":1,"stat.useItem.61":3,"achievement.buildHoe":1,"stat.breakItem.257":11,"stat.mineBlock.81":10,"stat.mineBlock.82":19,"stat.mineBlock.85":2,"stat.mineBlock.87":4,"stat.mineBlock.89":16,"stat.mineBlock.88":4,"stat.craftItem.296":270,"stat.craftItem.297":90,"stat.jump":8450,"stat.fallOneCm":315056,"stat.craftItem.290":1,"achievement.killCow":1,"stat.craftItem.1":270,"stat.mineBlock.98":367,"achievement.fiskheroes.killCreetle":6,"stat.useItem.175":2,"stat.entityKilledBy.DRPGTheGrue":1,"stat.boatOneCm":105412,"stat.entityKilledBy.DRPGCyclops":3,"stat.craftItem.5":164,"stat.damageTaken":-2147041304,"achievement.fiskheroes.tier1":2,"stat.mineBlock.61":4,"stat.useItem.47":1,"stat.useItem.49":116,"stat.useItem.54":4,"stat.useItem.56":4,"stat.useItem.50":2,"stat.entityKilledBy.Zombie":2,"stat.damageDealt":64407,"stat.mineBlock.70":12,"stat.killEntity.Cow":18,"stat.mineBlock.73":18,"achievement.analyzer":1,"stat.killEntity.Pig":1,"stat.useItem.58":4,"stat.killEntity.DRPGTheGrue":1,"stat.useItem.274":1578,"stat.mineBlock.47":12,"stat.craftItem.261":1,"stat.mineBlock.49":150,"stat.craftItem.263":4,"stat.useItem.397":4,"stat.useItem.275":4,"stat.craftItem.264":63,"stat.walkOneCm":2934611,"stat.craftItem.265":219,"stat.useItem.278":1762,"stat.craftItem.266":57,"stat.craftItem.388":36,"stat.playerKills":3,"stat.craftItem.259":1,"stat.killEntity.LavaSlime":16,"stat.useItem.283":6,"stat.mineBlock.44":2,"stat.mineBlock.58":3,"stat.craftItem.371":9,"stat.mineBlock.57":7,"stat.entityKilledBy.DRPGPumpkinSpider":2,"stat.craftItem.256":1,"stat.craftItem.257":8,"stat.breakItem.316":1,"stat.mineBlock.101":3,"stat.mineBlock.50":1,"stat.useItem.39":1,"stat.craftItem.126":6,"stat.useItem.290":1,"stat.useItem.37":1,"stat.mineBlock.56":72,"stat.mineBlock.109":1,"stat.useItem.38":1,"stat.killEntity.Skeleton":45,"stat.useItem.256":130,"stat.useItem.379":1,"stat.useItem.257":2760,"stat.useItem.259":3,"stat.craftItem.280":56,"stat.killEntity.Spider":19,"achievement.tablet":2293,"stat.mobKills":374,"stat.mineBlock.21":1,"achievement.firstFossil":250,"stat.useItem.6":13,"stat.craftItem.274":14,"stat.mineBlock.38":5,"stat.useItem.12":8,"stat.mineBlock.37":1,"stat.craftItem.275":2,"stat.useItem.267":29,"stat.craftItem.276":1,"stat.craftItem.278":3,"stat.useItem.1":7,"halloweenSpirit":13,"stat.useItem.4":450,"stat.useItem.5":1,"stat.useItem.3":51,"stat.entityKilledBy.Blaze":2,"stat.useItem.17":1,"stat.mineBlock.31":63,"stat.useItem.14":1,"stat.useItem.390":1}