{"stat.useItem.355":1,"stat.craftItem.101":16,"stat.craftItem.61":3,"stat.leaveGame":3,"stat.killEntity.DRPGKobblin":2,"stat.mineBlock.133":4,"stat.mineBlock.14":58,"stat.mineBlock.13":20,"stat.mineBlock.16":131,"stat.mineBlock.15":266,"stat.killEntity.DRPGPumpkinSpider":1,"stat.mineBlock.18":8,"stat.mineBlock.17":5,"stat.swimOneCm":65254,"stat.climbOneCm":9235,"achievement.buildWorkBench":4,"stat.craftItem.325":1,"achievement.exploreAllBiomes":{"value":0,"progress":["Sunflower Plains","Beach","ForestHills","Eerie","Flower Forest","Ocean","Forest","River","Plains","Swampland","Deep Ocean"]},"stat.mineBlock.12":86,"stat.craftItem.364":24,"stat.mineBlock.4":3,"stat.mineBlock.5":10,"stat.mineBlock.3":57,"stat.mineBlock.1":12760,"stat.killEntity.DRPGCaveclops":1,"achievement.sifter":1,"stat.flyOneCm":702639,"stat.craftItem.351":30,"achievement.buildPickaxe":45,"stat.craftItem.98":64,"achievement.buildBetterPickaxe":45,"stat.mineBlock.129":18,"stat.craftItem.301":1,"stat.craftItem.20":72,"stat.mineBlock.175":2,"stat.killEntity.fiskheroes.Creetle":2,"stat.killEntity.Creeper":1,"stat.killEntity.DRPGUndeadMiner":1,"stat.killEntity.DRPGCyclops":6,"stat.entityKilledBy.Skeleton":3,"stat.craftItem.33":2,"achievement.buildSword":1,"achievement.mineWood":28,"stat.breakItem.274":10,"achievement.openInventory":602,"stat.breakItem.275":1,"stat.breakItem.278":1,"stat.craftItem.44":6,"achievement.killEnemy":45,"stat.useItem.98":138,"stat.craftItem.58":2,"stat.deaths":24,"stat.drop":316,"stat.playOneMinute":274676,"stat.killEntity.Sheep":4,"stat.mineBlock.170":29,"stat.craftItem.54":3,"stat.killEntity.Zombie":22,"stat.diveOneCm":41517,"stat.useItem.67":1,"stat.useItem.61":3,"stat.breakItem.257":10,"stat.mineBlock.82":19,"stat.mineBlock.85":2,"stat.mineBlock.89":1,"stat.craftItem.296":270,"stat.craftItem.297":90,"stat.jump":3941,"stat.fallOneCm":157671,"stat.craftItem.1":270,"stat.mineBlock.98":327,"achievement.fiskheroes.killCreetle":2,"stat.useItem.175":1,"stat.craftItem.5":132,"stat.damageTaken":32700,"achievement.fiskheroes.tier1":1,"stat.mineBlock.61":4,"stat.useItem.54":4,"stat.useItem.56":4,"stat.useItem.50":1,"stat.damageDealt":40295,"stat.killEntity.Cow":18,"stat.mineBlock.73":17,"achievement.analyzer":1,"stat.useItem.58":2,"stat.useItem.274":1578,"stat.mineBlock.49":45,"stat.useItem.275":4,"stat.craftItem.264":63,"stat.walkOneCm":1380974,"stat.craftItem.265":216,"stat.useItem.278":1762,"stat.craftItem.266":56,"stat.craftItem.388":36,"stat.playerKills":2,"stat.mineBlock.44":2,"stat.mineBlock.58":2,"stat.mineBlock.57":7,"stat.entityKilledBy.DRPGPumpkinSpider":1,"stat.craftItem.256":1,"stat.craftItem.257":7,"stat.breakItem.316":1,"stat.mineBlock.101":2,"stat.mineBlock.50":1,"stat.useItem.37":1,"stat.mineBlock.56":45,"stat.mineBlock.109":1,"stat.killEntity.Skeleton":12,"stat.useItem.256":130,"stat.useItem.257":2509,"stat.craftItem.280":44,"stat.killEntity.Spider":8,"achievement.tablet":115,"stat.mobKills":193,"stat.mineBlock.21":1,"achievement.firstFossil":82,"stat.useItem.6":7,"stat.craftItem.274":14,"stat.useItem.12":8,"stat.mineBlock.37":1,"stat.craftItem.275":2,"stat.useItem.267":29,"stat.craftItem.278":3,"stat.useItem.1":7,"halloweenSpirit":9,"stat.useItem.4":303,"stat.useItem.3":25,"stat.mineBlock.31":42,"stat.useItem.14":1,"stat.useItem.390":1}