{"stat.useItem.355":1,"stat.craftItem.101":16,"stat.craftItem.61":3,"stat.leaveGame":3,"stat.killEntity.DRPGKobblin":2,"stat.mineBlock.133":4,"stat.killEntity.Blaze":6,"stat.mineBlock.14":58,"stat.mineBlock.13":20,"stat.mineBlock.16":131,"stat.mineBlock.15":266,"stat.killEntity.DRPGPumpkinSpider":1,"stat.mineBlock.18":140,"stat.mineBlock.17":5,"stat.swimOneCm":95910,"stat.climbOneCm":9716,"achievement.buildWorkBench":4,"stat.craftItem.325":1,"achievement.scarab":2,"achievement.exploreAllBiomes":{"value":0,"progress":["Sunflower Plains","Beach","ForestHills","Eerie","Flower Forest","Ocean","Forest","River","Plains","Taiga","Swampland","Deep Ocean"]},"stat.mineBlock.12":86,"stat.craftItem.364":24,"stat.mineBlock.4":6,"stat.mineBlock.5":10,"stat.mineBlock.3":58,"stat.mineBlock.1":13018,"stat.killEntity.DRPGCaveclops":1,"stat.mineBlock.116":1,"achievement.sifter":1,"stat.flyOneCm":809511,"stat.craftItem.351":30,"achievement.buildPickaxe":45,"stat.craftItem.98":64,"stat.killEntity.DRPGCaveCrawler":2,"achievement.buildBetterPickaxe":45,"stat.mineBlock.129":18,"stat.craftItem.301":1,"stat.craftItem.20":72,"stat.mineBlock.175":2,"stat.killEntity.fiskheroes.Creetle":4,"stat.killEntity.Creeper":1,"stat.killEntity.DRPGUndeadMiner":1,"stat.killEntity.DRPGCyclops":6,"stat.entityKilledBy.Skeleton":4,"stat.craftItem.33":2,"achievement.buildSword":1,"achievement.mineWood":28,"stat.killEntity.Squid":1,"stat.breakItem.274":10,"achievement.openInventory":662,"stat.breakItem.275":1,"stat.breakItem.278":1,"stat.craftItem.44":6,"achievement.killEnemy":80,"stat.useItem.98":138,"stat.craftItem.58":2,"stat.deaths":29,"stat.drop":373,"stat.playOneMinute":311502,"stat.killEntity.Sheep":4,"stat.mineBlock.170":29,"stat.craftItem.54":4,"stat.killEntity.Zombie":38,"stat.diveOneCm":43739,"stat.useItem.67":1,"stat.useItem.61":3,"stat.breakItem.257":10,"stat.mineBlock.82":19,"stat.mineBlock.85":2,"stat.mineBlock.89":1,"stat.mineBlock.88":4,"stat.craftItem.296":270,"stat.craftItem.297":90,"stat.jump":4490,"stat.fallOneCm":180720,"stat.craftItem.1":270,"stat.mineBlock.98":328,"achievement.fiskheroes.killCreetle":4,"stat.useItem.175":1,"stat.entityKilledBy.DRPGTheGrue":1,"stat.craftItem.5":132,"stat.damageTaken":41190,"achievement.fiskheroes.tier1":1,"stat.mineBlock.61":4,"stat.useItem.54":4,"stat.useItem.56":4,"stat.useItem.50":1,"stat.damageDealt":52710,"stat.killEntity.Cow":18,"stat.mineBlock.73":17,"achievement.analyzer":1,"stat.useItem.58":2,"stat.useItem.274":1578,"stat.mineBlock.47":12,"stat.mineBlock.49":45,"stat.useItem.275":4,"stat.craftItem.264":63,"stat.walkOneCm":1625749,"stat.craftItem.265":216,"stat.useItem.278":1762,"stat.craftItem.266":56,"stat.craftItem.388":36,"stat.playerKills":2,"stat.mineBlock.44":2,"stat.mineBlock.58":2,"stat.mineBlock.57":7,"stat.entityKilledBy.DRPGPumpkinSpider":1,"stat.craftItem.256":1,"stat.craftItem.257":7,"stat.breakItem.316":1,"stat.mineBlock.101":3,"stat.mineBlock.50":1,"stat.useItem.37":1,"stat.mineBlock.56":71,"stat.mineBlock.109":1,"stat.killEntity.Skeleton":19,"stat.useItem.256":130,"stat.useItem.257":2509,"stat.craftItem.280":44,"stat.killEntity.Spider":8,"achievement.tablet":115,"stat.mobKills":247,"stat.mineBlock.21":1,"achievement.firstFossil":124,"stat.useItem.6":7,"stat.craftItem.274":14,"stat.useItem.12":8,"stat.mineBlock.37":1,"stat.craftItem.275":2,"stat.useItem.267":29,"stat.craftItem.278":3,"stat.useItem.1":7,"halloweenSpirit":9,"stat.useItem.4":338,"stat.useItem.3":25,"stat.entityKilledBy.Blaze":1,"stat.mineBlock.31":43,"stat.useItem.14":1,"stat.useItem.390":1}