{"stat.useItem.274":814,"stat.walkOneCm":278269,"stat.useItem.61":1,"stat.craftItem.61":1,"stat.leaveGame":1,"stat.killEntity.Creeper":1,"stat.mineBlock.13":5,"stat.mineBlock.16":18,"stat.mineBlock.15":12,"stat.mineBlock.18":2,"stat.mineBlock.17":10,"stat.swimOneCm":3050,"stat.jump":974,"stat.fallOneCm":29242,"achievement.buildWorkBench":4,"achievement.mineWood":10,"achievement.exploreAllBiomes":{"value":0,"progress":["Sunflower Plains","Beach","Magical Forest","Eerie","Flower Forest","Forest","River","Plains","Taiga","Extreme Hills"]},"stat.useItem.37":1,"stat.useItem.38":1,"stat.breakItem.270":1,"stat.breakItem.274":6,"achievement.openInventory":59,"stat.craftItem.5":28,"stat.killEntity.Chicken":3,"stat.craftItem.280":16,"stat.damageTaken":1875,"stat.mineBlock.4":5,"stat.mineBlock.3":41,"stat.mineBlock.1":820,"stat.mobKills":23,"achievement.buildFurnace":2,"stat.useItem.54":1,"stat.flyOneCm":157164,"stat.craftItem.58":2,"stat.useItem.6":1,"stat.craftItem.274":7,"stat.deaths":1,"stat.mineBlock.37":1,"stat.useItem.267":32,"stat.drop":4,"achievement.buildPickaxe":15,"stat.playOneMinute":70553,"stat.killEntity.Sheep":9,"stat.useItem.4":31,"stat.breakItem.267":1,"stat.craftItem.270":1,"stat.craftItem.54":1,"stat.useItem.3":17,"stat.damageDealt":2795,"achievement.buildBetterPickaxe":14,"stat.killEntity.Cow":4,"stat.killEntity.Pig":1,"stat.useItem.270":60,"stat.diveOneCm":3660,"stat.useItem.58":2,"stat.mineBlock.31":3}