{"stat.useItem.274":923,"stat.craftItem.264":9,"stat.walkOneCm":453131,"stat.craftItem.265":32,"stat.useItem.61":2,"stat.craftItem.266":36,"stat.craftItem.61":3,"stat.leaveGame":1,"stat.breakItem.257":1,"stat.mineBlock.41":4,"stat.killEntity.Creeper":3,"stat.mineBlock.14":3,"stat.useItem.285":66,"stat.mineBlock.13":27,"stat.mineBlock.57":1,"stat.mineBlock.16":76,"stat.mineBlock.15":44,"stat.mineBlock.18":2,"stat.mineBlock.17":13,"stat.swimOneCm":20158,"stat.jump":1529,"stat.craftItem.257":3,"stat.breakItem.285":2,"stat.fallOneCm":43861,"achievement.buildWorkBench":4,"achievement.buildSword":2,"achievement.mineWood":11,"achievement.exploreAllBiomes":{"value":0,"progress":["Sunflower Plains","Beach","Magical Forest","Eerie","Flower Forest","Forest","River","Plains","Taiga","Extreme Hills"]},"stat.useItem.37":3,"stat.mineBlock.56":3,"stat.useItem.38":1,"stat.breakItem.270":1,"stat.useItem.257":372,"stat.breakItem.274":7,"achievement.openInventory":143,"stat.craftItem.5":52,"stat.killEntity.Chicken":3,"stat.craftItem.280":24,"stat.damageTaken":6480,"stat.mineBlock.4":6,"stat.killEntity.Spider":2,"achievement.diamonds":6,"stat.mineBlock.3":65,"stat.mineBlock.1":1247,"stat.killEntity.DRPGCaveclops":1,"stat.mineBlock.61":1,"stat.mobKills":40,"stat.mineBlock.21":3,"achievement.killEnemy":15,"achievement.firstFossil":2,"stat.craftItem.272":1,"achievement.buildFurnace":5,"stat.useItem.54":2,"stat.flyOneCm":241122,"stat.craftItem.58":2,"stat.useItem.6":1,"stat.craftItem.274":7,"stat.deaths":1,"stat.mineBlock.37":1,"stat.useItem.267":32,"achievement.acquireIron":8,"stat.drop":22,"stat.useItem.50":1,"achievement.buildPickaxe":21,"stat.playOneMinute":109239,"stat.craftItem.50":4,"stat.killEntity.Sheep":9,"stat.useItem.4":78,"stat.breakItem.267":1,"stat.craftItem.270":1,"stat.craftItem.54":3,"stat.killEntity.DRPGCaveCrawler":1,"stat.useItem.3":17,"stat.damageDealt":9345,"achievement.buildBetterPickaxe":20,"stat.killEntity.Zombie":9,"stat.killEntity.Cow":4,"stat.killEntity.Pig":1,"stat.useItem.270":60,"stat.diveOneCm":6888,"stat.useItem.58":3,"stat.mineBlock.31":4,"stat.useItem.272":19}