{"stat.walkOneCm":155796,"achievement.openInventory":23,"stat.craftItem.5":16,"stat.killEntity.Chicken":3,"stat.leaveGame":1,"stat.craftItem.280":4,"stat.damageTaken":1170,"stat.mineBlock.3":2,"stat.mobKills":19,"stat.flyOneCm":81847,"stat.craftItem.58":1,"stat.useItem.6":1,"stat.deaths":1,"stat.useItem.267":27,"stat.mineBlock.18":2,"stat.mineBlock.17":10,"stat.drop":1,"stat.jump":506,"stat.swimOneCm":2844,"achievement.buildPickaxe":1,"stat.playOneMinute":44390,"stat.fallOneCm":13594,"stat.killEntity.Sheep":9,"achievement.buildWorkBench":2,"stat.craftItem.270":1,"stat.useItem.3":15,"stat.damageDealt":2165,"achievement.mineWood":10,"stat.killEntity.Cow":2,"stat.killEntity.Pig":1,"achievement.exploreAllBiomes":{"value":0,"progress":["Sunflower Plains","Beach","Eerie","Flower Forest","Forest","River","Plains","Taiga","Extreme Hills"]},"stat.diveOneCm":2847,"stat.useItem.58":1,"stat.mineBlock.31":1,"stat.useItem.38":1}