{"stat.walkOneCm":27123,"achievement.openInventory":9,"stat.craftItem.5":16,"stat.leaveGame":1,"stat.craftItem.280":4,"stat.damageTaken":675,"stat.flyOneCm":9627,"stat.craftItem.58":1,"stat.mineBlock.17":7,"stat.drop":1,"stat.jump":55,"stat.swimOneCm":88,"achievement.buildPickaxe":1,"stat.playOneMinute":31655,"stat.fallOneCm":1055,"achievement.buildWorkBench":2,"stat.craftItem.270":1,"stat.useItem.3":15,"stat.damageDealt":100,"achievement.mineWood":7,"achievement.exploreAllBiomes":{"value":0,"progress":["Sunflower Plains","Beach","Plains","Extreme Hills"]},"stat.diveOneCm":1926,"stat.useItem.58":1}