{"stat.useItem.274":923,"stat.craftItem.264":9,"stat.walkOneCm":382355,"stat.craftItem.265":16,"stat.useItem.61":2,"stat.craftItem.61":2,"stat.leaveGame":1,"stat.breakItem.257":1,"stat.mineBlock.41":4,"stat.killEntity.Creeper":1,"stat.mineBlock.14":2,"stat.useItem.285":66,"stat.mineBlock.13":27,"stat.mineBlock.57":1,"stat.mineBlock.16":76,"stat.mineBlock.15":37,"stat.mineBlock.18":2,"stat.mineBlock.17":10,"stat.swimOneCm":16893,"stat.jump":1324,"stat.craftItem.257":3,"stat.breakItem.285":2,"stat.fallOneCm":38000,"achievement.buildWorkBench":4,"achievement.buildSword":2,"achievement.mineWood":10,"achievement.exploreAllBiomes":{"value":0,"progress":["Sunflower Plains","Beach","Magical Forest","Eerie","Flower Forest","Forest","River","Plains","Taiga","Extreme Hills"]},"stat.useItem.37":1,"stat.mineBlock.56":3,"stat.useItem.38":1,"stat.breakItem.270":1,"stat.useItem.257":372,"stat.breakItem.274":7,"achievement.openInventory":117,"stat.craftItem.5":32,"stat.killEntity.Chicken":3,"stat.craftItem.280":24,"stat.damageTaken":4670,"stat.mineBlock.4":6,"achievement.diamonds":6,"stat.mineBlock.3":41,"stat.mineBlock.1":1243,"stat.killEntity.DRPGCaveclops":1,"stat.mobKills":31,"stat.mineBlock.21":3,"achievement.killEnemy":6,"achievement.firstFossil":1,"stat.craftItem.272":1,"achievement.buildFurnace":4,"stat.useItem.54":1,"stat.flyOneCm":202595,"stat.craftItem.58":2,"stat.useItem.6":1,"stat.craftItem.274":7,"stat.deaths":1,"stat.mineBlock.37":1,"stat.useItem.267":32,"achievement.acquireIron":4,"stat.drop":19,"stat.useItem.50":1,"achievement.buildPickaxe":21,"stat.playOneMinute":96280,"stat.craftItem.50":4,"stat.killEntity.Sheep":9,"stat.useItem.4":71,"stat.breakItem.267":1,"stat.craftItem.270":1,"stat.craftItem.54":1,"stat.useItem.3":17,"stat.damageDealt":6915,"achievement.buildBetterPickaxe":20,"stat.killEntity.Zombie":5,"stat.killEntity.Cow":4,"stat.killEntity.Pig":1,"stat.useItem.270":60,"stat.diveOneCm":6888,"stat.useItem.58":3,"stat.mineBlock.31":3,"stat.useItem.272":19}