{"stat.useItem.355":2,"stat.craftItem.345":1,"stat.craftItem.61":3,"stat.leaveGame":2,"stat.craftItem.336":3,"stat.killEntity.Blaze":5,"fullGoldHearts":8,"stat.mineBlock.14":11,"stat.mineBlock.13":105,"stat.mineBlock.16":150,"stat.mineBlock.15":89,"stat.mineBlock.18":568,"stat.killEntity.PigZombie":1,"stat.mineBlock.17":76,"stat.swimOneCm":33791,"stat.climbOneCm":225,"achievement.buildWorkBench":4,"stat.craftItem.324":3,"stat.craftItem.325":1,"achievement.exploreAllBiomes":{"value":0,"progress":["Sunflower Plains","ForestHills","Magical Forest","Flower Forest","Roofed Forest","Extreme Hills M","Tainted Land","Plains","TaigaHills","Beach","Eerie","Aether","Forest","River","Ocean","Taiga","Extreme Hills","Swampland","Hell"]},"stat.craftItem.364":1,"stat.craftItem.89":25,"eyeOfEvil":8,"stat.mineBlock.4":21,"stat.mineBlock.5":13,"achievement.diamonds":224,"stat.mineBlock.3":1384,"advancement.aether_legacy.enter_aether":7,"stat.mineBlock.1":6044,"stat.killEntity.DRPGEnderSpider":2,"stat.killEntity.DRPGCaveclops":1,"stat.flyOneCm":2446167,"achievement.buildPickaxe":23,"stat.craftItem.355":2,"stat.killEntity.DRPGCaveCrawler":1,"achievement.buildBetterPickaxe":22,"engagement":1,"stat.mineBlock.175":3,"stat.killEntity.Creeper":5,"achievement.findAnuTotem":1050,"stat.useItem.324":4,"stat.breakItem.285":2,"achievement.buildSword":3,"achievement.mineWood":65,"stat.useItem.87":19,"stat.useItem.89":14,"stat.breakItem.270":1,"stat.breakItem.274":7,"achievement.openInventory":590,"achievement.killEnemy":104,"achievement.buildFurnace":5,"stat.useItem.98":7,"stat.craftItem.58":2,"stat.deaths":23,"stat.drop":145,"stat.playOneMinute":344293,"stat.craftItem.50":4,"stat.killEntity.Sheep":9,"stat.breakItem.267":1,"stat.craftItem.54":3,"stat.killEntity.DRPGRotatick":2,"stat.killEntity.Zombie":14,"stat.diveOneCm":21268,"stat.killEntity.DRPGTheEye":2,"stat.useItem.61":2,"stat.breakItem.257":3,"stat.mineBlock.82":16,"stat.mineBlock.87":102,"stat.mineBlock.89":32,"stat.jump":3142,"stat.fallOneCm":69671,"stat.craftItem.1":768,"stat.useItem.44":1,"stat.craftItem.5":280,"achievement.blazeRod":3,"stat.damageTaken":122645,"stat.mineBlock.61":1,"stat.useItem.49":14,"stat.useItem.54":2,"stat.useItem.50":33,"stat.damageDealt":176238,"stat.killEntity.Cow":4,"stat.killEntity.Pig":2,"stat.mineBlock.73":2,"stat.useItem.58":4,"stat.killEntity.DRPGTheGrue":1,"stat.useItem.274":923,"stat.useItem.20":7,"stat.mineBlock.49":22,"stat.craftItem.264":9,"stat.walkOneCm":1368674,"stat.craftItem.265":76,"stat.craftItem.266":119,"stat.useItem.277":668,"stat.playerKills":1,"stat.useItem.279":23,"stat.craftItem.381":1,"stat.blockChiseled":2584,"stat.craftItem.259":1,"stat.mineBlock.41":4,"stat.mineBlock.44":2,"stat.useItem.285":66,"stat.mineBlock.57":1,"stat.craftItem.377":2,"stat.craftItem.257":3,"stat.mineBlock.50":4,"stat.useItem.37":3,"stat.mineBlock.56":17,"stat.useItem.38":1,"stat.killEntity.Skeleton":3,"stat.useItem.257":753,"achievement.portal":12,"stat.useItem.259":19,"stat.killEntity.Chicken":3,"stat.craftItem.280":32,"stat.killEntity.Spider":5,"stat.mobKills":189,"stat.mineBlock.21":3,"stat.mineBlock.20":1,"achievement.firstFossil":3,"stat.craftItem.272":1,"stat.useItem.6":1,"stat.craftItem.274":7,"stat.mineBlock.38":1,"stat.mineBlock.37":2,"stat.useItem.267":32,"achievement.acquireIron":14,"stat.craftItem.277":1,"stat.useItem.389":2,"stat.craftItem.279":1,"stat.useItem.4":108,"stat.useItem.5":142,"stat.craftItem.390":1,"stat.craftItem.270":1,"stat.useItem.3":193,"stat.useItem.270":60,"stat.useItem.13":20,"stat.mineBlock.31":81,"stat.useItem.390":1,"stat.useItem.272":19}