{"stat.useItem.274":923,"stat.walkOneCm":331099,"stat.craftItem.265":16,"stat.useItem.61":1,"stat.craftItem.61":1,"stat.leaveGame":1,"stat.breakItem.257":1,"stat.killEntity.Creeper":1,"stat.mineBlock.14":2,"stat.mineBlock.13":5,"stat.mineBlock.16":18,"stat.mineBlock.15":28,"stat.mineBlock.18":2,"stat.mineBlock.17":10,"stat.swimOneCm":3427,"stat.jump":1191,"stat.craftItem.257":2,"stat.fallOneCm":33417,"achievement.buildWorkBench":4,"achievement.buildSword":2,"achievement.mineWood":10,"achievement.exploreAllBiomes":{"value":0,"progress":["Sunflower Plains","Beach","Magical Forest","Eerie","Flower Forest","Forest","River","Plains","Taiga","Extreme Hills"]},"stat.useItem.37":1,"stat.useItem.38":1,"stat.breakItem.270":1,"stat.useItem.257":251,"stat.breakItem.274":7,"achievement.openInventory":76,"stat.craftItem.5":32,"stat.killEntity.Chicken":3,"stat.craftItem.280":24,"stat.damageTaken":2190,"stat.mineBlock.4":6,"stat.mineBlock.3":41,"stat.mineBlock.1":1140,"stat.mobKills":24,"stat.mineBlock.21":3,"achievement.firstFossil":1,"stat.craftItem.272":1,"achievement.buildFurnace":2,"stat.useItem.54":1,"stat.flyOneCm":190726,"stat.craftItem.58":2,"stat.useItem.6":1,"stat.craftItem.274":7,"stat.deaths":1,"stat.mineBlock.37":1,"stat.useItem.267":32,"achievement.acquireIron":4,"stat.drop":5,"achievement.buildPickaxe":19,"stat.playOneMinute":83333,"stat.craftItem.50":4,"stat.killEntity.Sheep":9,"stat.useItem.4":47,"stat.breakItem.267":1,"stat.craftItem.270":1,"stat.craftItem.54":1,"stat.useItem.3":17,"stat.damageDealt":3015,"achievement.buildBetterPickaxe":18,"stat.killEntity.Zombie":1,"stat.killEntity.Cow":4,"stat.killEntity.Pig":1,"stat.useItem.270":60,"stat.diveOneCm":4388,"stat.useItem.58":2,"stat.mineBlock.31":3}