{"stat.useItem.274":200,"stat.walkOneCm":212237,"stat.breakItem.270":1,"stat.breakItem.274":1,"achievement.openInventory":44,"stat.craftItem.5":16,"stat.killEntity.Chicken":3,"stat.leaveGame":1,"stat.craftItem.280":8,"stat.damageTaken":1280,"stat.mineBlock.3":39,"stat.mineBlock.1":242,"stat.mobKills":21,"stat.mineBlock.13":5,"stat.flyOneCm":127247,"stat.craftItem.58":2,"stat.useItem.6":1,"stat.craftItem.274":2,"stat.deaths":1,"stat.mineBlock.37":1,"stat.useItem.267":29,"stat.mineBlock.18":2,"stat.mineBlock.17":10,"stat.drop":3,"stat.jump":722,"stat.swimOneCm":2844,"achievement.buildPickaxe":5,"stat.playOneMinute":57408,"stat.fallOneCm":19058,"stat.killEntity.Sheep":9,"stat.useItem.4":3,"achievement.buildWorkBench":4,"stat.craftItem.270":1,"stat.useItem.3":15,"stat.damageDealt":2375,"achievement.buildBetterPickaxe":4,"achievement.mineWood":10,"stat.killEntity.Cow":4,"stat.killEntity.Pig":1,"achievement.exploreAllBiomes":{"value":0,"progress":["Sunflower Plains","Beach","Eerie","Flower Forest","Forest","River","Plains","Taiga","Extreme Hills"]},"stat.useItem.270":60,"stat.diveOneCm":2847,"stat.useItem.58":2,"stat.mineBlock.31":3,"stat.useItem.37":1,"stat.useItem.38":1}