{"stat.useItem.61":2,"stat.craftItem.61":3,"stat.leaveGame":2,"stat.breakItem.257":3,"stat.mineBlock.89":32,"stat.mineBlock.14":11,"stat.mineBlock.13":105,"stat.mineBlock.16":150,"stat.mineBlock.15":89,"stat.mineBlock.18":2,"stat.mineBlock.17":13,"stat.swimOneCm":31271,"stat.jump":2360,"stat.fallOneCm":69671,"achievement.buildWorkBench":4,"stat.craftItem.1":486,"stat.craftItem.325":1,"achievement.exploreAllBiomes":{"value":0,"progress":["Sunflower Plains","Beach","Magical Forest","Eerie","Flower Forest","Forest","River","Plains","Taiga","Extreme Hills","Hell"]},"stat.craftItem.5":52,"stat.craftItem.89":25,"stat.mineBlock.4":17,"stat.damageTaken":13050,"achievement.diamonds":15,"stat.mineBlock.3":846,"stat.mineBlock.1":4761,"stat.killEntity.DRPGEnderSpider":2,"stat.killEntity.DRPGCaveclops":1,"stat.mineBlock.61":1,"stat.useItem.49":14,"stat.useItem.54":2,"stat.flyOneCm":352280,"stat.useItem.50":4,"achievement.buildPickaxe":23,"stat.killEntity.DRPGCaveCrawler":1,"stat.damageDealt":20180,"achievement.buildBetterPickaxe":22,"stat.killEntity.Cow":4,"stat.killEntity.Pig":1,"stat.mineBlock.73":1,"stat.useItem.58":3,"stat.killEntity.DRPGTheGrue":1,"stat.useItem.274":923,"stat.mineBlock.49":22,"stat.craftItem.264":9,"stat.walkOneCm":730050,"stat.craftItem.265":76,"stat.craftItem.266":47,"stat.blockChiseled":486,"stat.mineBlock.175":1,"stat.craftItem.259":1,"stat.mineBlock.41":4,"stat.killEntity.Creeper":4,"stat.useItem.285":66,"stat.mineBlock.57":1,"stat.craftItem.257":3,"stat.breakItem.285":2,"achievement.buildSword":2,"achievement.mineWood":11,"stat.useItem.37":3,"stat.mineBlock.56":17,"stat.useItem.38":1,"stat.killEntity.Skeleton":2,"stat.useItem.89":14,"stat.breakItem.270":1,"stat.useItem.257":753,"achievement.portal":2,"stat.breakItem.274":7,"achievement.openInventory":229,"stat.useItem.259":1,"stat.killEntity.Chicken":3,"stat.craftItem.280":28,"stat.killEntity.Spider":4,"stat.mobKills":110,"stat.mineBlock.21":3,"achievement.killEnemy":29,"achievement.firstFossil":2,"stat.craftItem.272":1,"achievement.buildFurnace":5,"stat.useItem.98":7,"stat.craftItem.58":2,"stat.useItem.6":1,"stat.craftItem.274":7,"stat.deaths":1,"stat.mineBlock.37":2,"stat.useItem.267":32,"achievement.acquireIron":14,"stat.drop":28,"stat.playOneMinute":159695,"stat.craftItem.50":4,"stat.killEntity.Sheep":9,"stat.useItem.4":106,"stat.breakItem.267":1,"stat.craftItem.54":3,"stat.craftItem.270":1,"stat.useItem.3":186,"stat.killEntity.DRPGRotatick":1,"stat.killEntity.Zombie":14,"stat.useItem.270":60,"stat.useItem.13":20,"stat.mineBlock.31":74,"stat.diveOneCm":12758,"stat.useItem.272":19}