{"stat.useItem.65":16,"stat.useItem.355":1,"stat.leaveGame":1,"stat.craftItem.65":21,"stat.breakItem.257":3,"stat.mineBlock.85":1,"stat.mineBlock.139":1,"stat.mineBlock.14":12,"stat.mineBlock.13":2,"stat.mineBlock.16":59,"stat.craftItem.296":569,"stat.mineBlock.15":36,"stat.craftItem.297":189,"stat.mineBlock.18":156,"stat.mineBlock.17":25,"stat.swimOneCm":41813,"stat.jump":1469,"stat.fallOneCm":34785,"stat.climbOneCm":14710,"achievement.buildWorkBench":9,"achievement.exploreAllBiomes":{"value":0,"progress":["Sunflower Plains","Beach","ForestHills","Eerie","Ocean","Forest","River","Plains","Deep Ocean"]},"stat.mineBlock.98":1789,"stat.mineBlock.12":10,"stat.useItem.44":4,"stat.craftItem.5":64,"stat.damageTaken":12080,"stat.mineBlock.4":22,"stat.mineBlock.3":29,"stat.mineBlock.1":1435,"stat.mineBlock.65":5,"stat.useItem.54":13,"stat.flyOneCm":42560,"stat.useItem.50":5,"achievement.buildPickaxe":52,"stat.craftItem.96":20,"stat.useItem.109":109,"stat.damageDealt":8710,"achievement.buildBetterPickaxe":46,"stat.mineBlock.73":13,"stat.useItem.58":11,"stat.craftItem.109":64,"stat.useItem.274":1716,"stat.useItem.275":3,"stat.walkOneCm":1174134,"stat.playerKills":2,"stat.craftItem.259":1,"stat.mineBlock.41":4,"stat.mineBlock.44":4,"stat.mineBlock.58":6,"stat.entityKilledBy.Skeleton":1,"achievement.mineWood":22,"stat.mineBlock.50":9,"stat.mineBlock.54":4,"stat.mineBlock.109":50,"stat.mineBlock.56":8,"stat.killEntity.Skeleton":10,"stat.breakItem.270":4,"stat.useItem.258":19,"stat.useItem.85":1,"stat.useItem.257":938,"stat.breakItem.274":13,"achievement.openInventory":176,"stat.useItem.259":26,"stat.breakItem.275":1,"stat.killEntity.Chicken":5,"stat.craftItem.280":264,"stat.killEntity.Spider":1,"stat.mobKills":55,"stat.entityKilledBy.Creeper":1,"achievement.firstFossil":7,"stat.useItem.98":1109,"stat.craftItem.274":24,"stat.useItem.6":7,"stat.craftItem.58":6,"stat.craftItem.275":1,"stat.deaths":12,"stat.useItem.12":8,"stat.drop":80,"stat.craftItem.277":1,"stat.useItem.96":15,"stat.craftItem.279":1,"stat.playOneMinute":308117,"halloweenSpirit":1,"stat.useItem.4":165,"stat.craftItem.270":4,"stat.mineBlock.170":128,"stat.craftItem.54":9,"stat.craftItem.271":1,"stat.useItem.3":4,"stat.killEntity.Zombie":6,"stat.useItem.270":240,"stat.diveOneCm":34060,"stat.mineBlock.31":17,"stat.useItem.271":41}