{"stat.useItem.355":1,"stat.useItem.116":1,"stat.leaveGame":1,"stat.craftItem.65":21,"stat.mineBlock.139":1,"stat.craftItem.339":0,"stat.mineBlock.14":17,"stat.mineBlock.13":2,"stat.mineBlock.16":59,"stat.mineBlock.15":50,"stat.mineBlock.18":208,"stat.mineBlock.17":35,"stat.swimOneCm":58616,"stat.climbOneCm":15206,"achievement.buildWorkBench":11,"achievement.exploreAllBiomes":{"value":0,"progress":["Sunflower Plains","Beach","ForestHills","Magical Forest","Eerie","Birch Forest","Ocean","Forest","River","Plains","Swampland","Deep Ocean"]},"stat.mineBlock.12":23,"stat.useItem.338":13,"stat.mineBlock.4":24,"stat.mineBlock.3":70,"stat.mineBlock.1":1437,"stat.killEntity.DRPGCaveclops":1,"stat.mineBlock.116":1,"stat.flyOneCm":101231,"achievement.buildPickaxe":52,"stat.craftItem.96":20,"stat.useItem.109":109,"achievement.buildBetterPickaxe":46,"stat.craftItem.109":64,"stat.craftItem.20":17,"stat.mineBlock.175":4,"stat.entityKilledBy.Skeleton":1,"achievement.mineWood":35,"stat.killEntity.Squid":2,"stat.craftItem.47":1,"stat.breakItem.270":4,"stat.useItem.85":1,"stat.breakItem.274":13,"achievement.openInventory":242,"stat.breakItem.275":1,"stat.mineBlock.159":1,"stat.entityKilledBy.Creeper":1,"stat.useItem.98":1109,"stat.craftItem.58":7,"stat.deaths":13,"stat.drop":106,"stat.useItem.96":15,"stat.playOneMinute":430237,"stat.mineBlock.170":128,"stat.craftItem.54":9,"stat.killEntity.Zombie":7,"stat.diveOneCm":40546,"stat.useItem.65":16,"stat.breakItem.257":3,"stat.mineBlock.85":1,"stat.craftItem.296":569,"stat.craftItem.297":189,"stat.jump":1932,"stat.fallOneCm":42395,"stat.mineBlock.98":1790,"stat.useItem.44":4,"stat.craftItem.5":68,"stat.damageTaken":17230,"stat.mineBlock.65":5,"stat.useItem.47":2,"stat.useItem.54":13,"stat.useItem.50":5,"stat.damageDealt":12870,"stat.killEntity.Cow":6,"stat.mineBlock.73":13,"stat.useItem.58":13,"stat.useItem.274":1716,"stat.mineBlock.47":1,"stat.useItem.275":3,"stat.walkOneCm":1460755,"stat.craftItem.265":41,"stat.craftItem.266":12,"stat.useItem.277":57,"stat.playerKills":2,"stat.useItem.279":14,"stat.craftItem.259":1,"stat.mineBlock.41":4,"stat.mineBlock.44":4,"stat.mineBlock.58":7,"stat.craftItem.374":3,"stat.mineBlock.50":9,"stat.craftItem.126":6,"stat.mineBlock.54":4,"stat.mineBlock.109":50,"stat.mineBlock.56":11,"stat.killEntity.Skeleton":10,"stat.useItem.258":19,"stat.useItem.257":938,"stat.useItem.259":28,"stat.killEntity.Chicken":5,"stat.craftItem.280":272,"stat.killEntity.Spider":1,"stat.mobKills":72,"achievement.firstFossil":10,"stat.craftItem.274":24,"stat.useItem.6":7,"stat.craftItem.275":1,"stat.useItem.12":8,"stat.craftItem.277":1,"stat.craftItem.279":1,"stat.useItem.389":1,"halloweenSpirit":1,"stat.useItem.4":203,"stat.craftItem.270":4,"stat.craftItem.271":1,"stat.useItem.3":66,"stat.useItem.17":4,"stat.useItem.270":240,"stat.mineBlock.31":33,"stat.useItem.271":41}