{"stat.useItem.355":1,"stat.useItem.116":1,"stat.leaveGame":1,"stat.craftItem.65":21,"stat.mineBlock.139":1,"stat.craftItem.339":0,"stat.mineBlock.14":17,"stat.mineBlock.13":2,"stat.mineBlock.16":65,"stat.mineBlock.15":89,"stat.mineBlock.18":210,"stat.mineBlock.17":35,"stat.swimOneCm":76249,"stat.climbOneCm":15206,"achievement.buildWorkBench":11,"achievement.exploreAllBiomes":{"value":0,"progress":["Sunflower Plains","ForestHills","Magical Forest","Birch Forest","Flower Forest","Plains","Beach","Eerie","Ocean","Forest","River","Swampland","Deep Ocean"]},"stat.mineBlock.12":23,"stat.useItem.338":13,"stat.mineBlock.4":61,"stat.mineBlock.3":126,"stat.mineBlock.1":2001,"stat.killEntity.DRPGCaveclops":5,"stat.mineBlock.116":1,"stat.flyOneCm":135043,"achievement.buildPickaxe":53,"stat.craftItem.96":20,"stat.killEntity.Witch":1,"stat.useItem.109":109,"achievement.buildBetterPickaxe":47,"stat.mineBlock.129":12,"stat.craftItem.109":64,"stat.craftItem.20":17,"stat.mineBlock.175":5,"stat.killEntity.Creeper":5,"stat.entityKilledBy.Skeleton":2,"achievement.mineWood":35,"stat.killEntity.Squid":4,"stat.craftItem.47":1,"stat.breakItem.270":4,"stat.useItem.85":1,"stat.breakItem.274":13,"achievement.openInventory":372,"stat.breakItem.275":1,"stat.killEntity.DRPGEnthralledDramcryx":1,"stat.mineBlock.159":1,"stat.entityKilledBy.Creeper":1,"stat.useItem.98":1109,"stat.craftItem.58":7,"stat.deaths":18,"stat.drop":159,"stat.useItem.96":15,"stat.playOneMinute":532069,"stat.killEntity.Sheep":1,"stat.mineBlock.170":128,"stat.craftItem.54":9,"stat.breakItem.259":1,"stat.killEntity.Zombie":13,"stat.diveOneCm":70004,"stat.useItem.65":16,"stat.breakItem.257":3,"stat.mineBlock.85":1,"stat.craftItem.296":569,"stat.craftItem.297":189,"stat.jump":2454,"stat.fallOneCm":48116,"stat.mineBlock.98":1790,"stat.useItem.44":4,"stat.craftItem.5":68,"stat.damageTaken":-2147457179,"stat.mineBlock.65":5,"stat.useItem.47":2,"stat.useItem.54":13,"stat.useItem.50":5,"stat.damageDealt":31260,"stat.killEntity.Cow":10,"stat.mineBlock.73":14,"stat.killEntity.Pig":1,"stat.useItem.58":13,"stat.useItem.274":1716,"stat.mineBlock.47":1,"stat.useItem.275":3,"stat.mineBlock.48":4,"stat.walkOneCm":1796139,"stat.craftItem.265":80,"stat.craftItem.266":50,"stat.useItem.277":112,"stat.playerKills":2,"stat.useItem.279":14,"stat.craftItem.259":1,"stat.mineBlock.41":9,"stat.mineBlock.44":4,"stat.mineBlock.58":7,"stat.craftItem.374":3,"stat.mineBlock.50":10,"stat.craftItem.126":6,"stat.mineBlock.54":4,"stat.mineBlock.109":50,"stat.mineBlock.56":18,"stat.killEntity.Skeleton":43,"stat.craftItem.285":1,"stat.craftItem.286":2,"stat.useItem.258":19,"stat.useItem.257":938,"stat.useItem.259":65,"stat.killEntity.Chicken":6,"stat.craftItem.280":280,"stat.killEntity.Spider":6,"stat.mobKills":139,"stat.mineBlock.21":2,"achievement.firstFossil":12,"stat.craftItem.274":24,"stat.useItem.6":7,"stat.craftItem.275":1,"stat.useItem.12":8,"stat.craftItem.277":1,"stat.craftItem.279":1,"stat.useItem.389":1,"halloweenSpirit":1,"stat.useItem.4":310,"stat.craftItem.270":4,"stat.craftItem.271":1,"stat.useItem.3":66,"stat.useItem.17":4,"stat.useItem.270":240,"stat.mineBlock.31":46,"stat.useItem.271":41}