{"stat.useItem.355":1,"stat.useItem.116":1,"stat.craftItem.61":1,"stat.leaveGame":4,"stat.craftItem.65":21,"stat.mineBlock.133":4,"stat.mineBlock.139":1,"stat.craftItem.339":0,"stat.mineBlock.14":19,"stat.mineBlock.13":19,"stat.mineBlock.16":122,"stat.mineBlock.15":136,"stat.mineBlock.18":218,"stat.mineBlock.17":35,"stat.swimOneCm":91901,"stat.climbOneCm":15206,"achievement.buildWorkBench":11,"stat.craftItem.325":1,"achievement.exploreAllBiomes":{"value":0,"progress":["Sunflower Plains","ForestHills","Magical Forest","Birch Forest","Flower Forest","Roofed Forest","Plains","Beach","Eerie","Ocean","Forest","River","Extreme Hills","Swampland","Deep Ocean","Hell"]},"stat.mineBlock.12":23,"stat.useItem.338":13,"stat.craftItem.89":6,"stat.mineBlock.4":76,"stat.mineBlock.5":3,"stat.mineBlock.3":173,"stat.mineBlock.1":7240,"stat.killEntity.DRPGEnderSpider":1,"stat.killEntity.DRPGCaveclops":7,"stat.killEntity.Enderman":2,"stat.mineBlock.116":1,"stat.flyOneCm":3327231,"achievement.buildPickaxe":53,"stat.craftItem.96":20,"stat.killEntity.Witch":2,"stat.useItem.109":109,"stat.killEntity.DRPGCaveCrawler":2,"achievement.buildBetterPickaxe":47,"stat.mineBlock.129":30,"stat.craftItem.109":64,"stat.craftItem.20":17,"stat.mineBlock.175":5,"stat.killEntity.fiskheroes.Creetle":33,"stat.killEntity.Creeper":9,"stat.killEntity.DRPGUndeadMiner":1,"stat.useItem.324":1,"stat.entityKilledBy.Skeleton":2,"stat.entityKilledBy.fiskheroes.Creetle":2,"achievement.buildSword":1,"achievement.mineWood":35,"stat.killEntity.Squid":4,"stat.craftItem.47":1,"stat.useItem.89":5,"stat.breakItem.270":4,"stat.useItem.85":1,"stat.breakItem.274":13,"achievement.openInventory":592,"stat.breakItem.275":1,"stat.killEntity.DRPGEnthralledDramcryx":1,"stat.mineBlock.159":1,"stat.entityKilledBy.Creeper":3,"achievement.killEnemy":30,"stat.useItem.98":1140,"achievement.buildFurnace":1,"stat.craftItem.58":7,"stat.deaths":33,"stat.drop":287,"stat.useItem.96":15,"stat.playOneMinute":902127,"stat.killEntity.Sheep":1,"stat.mineBlock.170":128,"stat.craftItem.54":9,"stat.breakItem.259":1,"stat.killEntity.Zombie":31,"stat.diveOneCm":74010,"stat.useItem.65":16,"stat.breakItem.257":3,"stat.mineBlock.85":1,"stat.mineBlock.87":4,"stat.mineBlock.89":8,"stat.craftItem.296":569,"stat.craftItem.297":189,"stat.jump":3319,"stat.fallOneCm":60545,"stat.craftItem.1":54,"stat.mineBlock.98":1824,"stat.entityKilledBy.DRPGRainbour":1,"achievement.fiskheroes.killCreetle":33,"stat.useItem.175":1,"stat.useItem.295":48,"stat.useItem.44":4,"stat.craftItem.5":68,"stat.damageTaken":-2147386356,"stat.mineBlock.65":5,"stat.useItem.47":2,"stat.useItem.49":3,"stat.useItem.54":13,"stat.useItem.50":5,"stat.entityKilledBy.Zombie":1,"stat.damageDealt":56071,"stat.killEntity.Cow":10,"stat.mineBlock.73":15,"stat.killEntity.Pig":2,"stat.useItem.58":13,"stat.useItem.274":1716,"stat.mineBlock.47":1,"stat.mineBlock.49":3,"stat.useItem.397":1,"stat.useItem.275":3,"stat.mineBlock.48":4,"stat.walkOneCm":2717449,"stat.craftItem.265":80,"stat.craftItem.266":50,"stat.useItem.277":175,"stat.playerKills":2,"stat.useItem.279":193,"stat.craftItem.380":1,"stat.craftItem.259":1,"stat.mineBlock.41":11,"stat.mineBlock.44":4,"stat.mineBlock.58":7,"stat.craftItem.374":3,"stat.mineBlock.103":45,"stat.mineBlock.50":11,"stat.craftItem.126":6,"stat.mineBlock.54":4,"stat.mineBlock.109":50,"stat.mineBlock.56":57,"stat.killEntity.Skeleton":57,"stat.craftItem.285":1,"stat.craftItem.286":2,"stat.useItem.258":19,"stat.useItem.257":938,"stat.useItem.259":65,"stat.killEntity.Chicken":6,"stat.craftItem.280":280,"stat.killEntity.Spider":15,"stat.mobKills":242,"stat.mineBlock.21":4,"stat.useItem.380":1,"achievement.firstFossil":13,"stat.craftItem.274":24,"stat.useItem.6":7,"stat.craftItem.275":1,"stat.useItem.12":8,"stat.craftItem.277":1,"stat.craftItem.279":1,"stat.useItem.389":3,"stat.useItem.1":8,"halloweenSpirit":1,"stat.useItem.4":366,"stat.useItem.5":1,"stat.craftItem.270":4,"stat.craftItem.271":1,"stat.useItem.3":81,"stat.useItem.17":4,"stat.useItem.270":240,"stat.useItem.391":48,"stat.mineBlock.31":57,"stat.useItem.15":4,"stat.useItem.271":41,"stat.useItem.392":47}