{"stat.leaveGame":6,"stat.mineBlock.133":4,"stat.killEntity.Blaze":22,"stat.mineBlock.139":1,"stat.mineBlock.14":463,"stat.mineBlock.13":75,"stat.mineBlock.16":124,"stat.mineBlock.15":311,"stat.mineBlock.18":219,"stat.killEntity.PigZombie":2,"stat.mineBlock.17":493,"stat.entityKilledBy.PigZombie":1,"stat.mineBlock.12":585,"achievement.diamonds":240,"advancement.aether_legacy.enter_aether":1,"stat.killEntity.DRPGEnderSpider":1,"stat.killEntity.Enderman":3,"stat.mineBlock.112":626,"stat.mineBlock.113":17,"stat.mineBlock.116":3,"achievement.buildPickaxe":62,"stat.killEntity.Witch":2,"achievement.buildBetterPickaxe":56,"stat.killEntity.DRPGWildfire":3,"stat.mineBlock.129":34,"stat.mineBlock.175":6,"stat.killEntity.fiskheroes.Creetle":35,"stat.killEntity.DRPGUndeadMiner":1,"achievement.findAnuTotem":1618,"stat.killEntity.DRPGCyclops":8,"stat.entityKilledBy.fiskheroes.Creetle":2,"achievement.mineWood":65,"stat.useItem.89":5,"stat.useItem.85":1,"achievement.openInventory":961,"stat.killEntity.DRPGEnthralledDramcryx":1,"stat.mineBlock.153":2,"stat.mineBlock.159":1,"stat.useItem.98":1159,"stat.deaths":41,"stat.useItem.96":15,"stat.playOneMinute":1430612,"stat.mineBlock.170":128,"stat.killEntity.DRPGScorcher":1,"stat.killEntity.Ghast":2,"stat.fallOneCm":130251,"achievement.killCow":1,"stat.craftItem.1":54,"stat.entityKilledBy.DRPGRainbour":1,"achievement.fiskheroes.killCreetle":35,"stat.craftItem.5":68,"achievement.portal":2,"stat.useItem.6":7,"achievement.acquireIron":6,"stat.useItem.1":9,"halloweenSpirit":4,"stat.useItem.4":436,"stat.useItem.5":6,"stat.useItem.3":3045,"stat.useItem.355":1,"stat.useItem.112":579,"stat.useItem.116":3,"stat.craftItem.61":1,"stat.craftItem.65":21,"stat.killEntity.DRPGKobblin":4,"stat.craftItem.339":0,"fullGoldHearts":5,"stat.swimOneCm":136487,"stat.climbOneCm":15206,"achievement.buildWorkBench":11,"stat.craftItem.325":1,"achievement.exploreAllBiomes":{"value":0,"progress":["Sunflower Plains","ForestHills","Magical Forest","Birch Forest","Flower Forest","Roofed Forest","Extreme Hills M","Plains","Beach","Eerie","Aether","Extreme Hills+","Ocean","Forest","River","Taiga","Extreme Hills","Swampland","Deep Ocean","Hell"]},"stat.useItem.331":8,"stat.useItem.338":13,"stat.craftItem.89":6,"eyeOfEvil":9,"stat.mineBlock.4":85,"stat.mineBlock.5":9,"stat.mineBlock.3":2193,"stat.mineBlock.1":15817,"stat.killEntity.DRPGCaveclops":8,"stat.flyOneCm":6067660,"stat.craftItem.96":20,"stat.useItem.109":109,"stat.killEntity.DRPGCaveCrawler":6,"stat.craftItem.109":64,"stat.craftItem.20":21,"stat.killEntity.Creeper":16,"stat.useItem.324":2,"stat.entityKilledBy.Skeleton":2,"achievement.buildSword":2,"stat.killEntity.Squid":4,"stat.craftItem.47":12,"stat.breakItem.270":4,"stat.breakItem.274":13,"stat.craftItem.41":0,"stat.craftItem.42":0,"stat.breakItem.275":1,"stat.entityKilledBy.Creeper":3,"achievement.killEnemy":347,"achievement.buildFurnace":1,"stat.craftItem.58":7,"stat.drop":685,"stat.killEntity.Sheep":2,"stat.craftItem.57":0,"stat.craftItem.54":9,"stat.breakItem.259":1,"stat.killEntity.Zombie":61,"stat.diveOneCm":93730,"stat.useItem.65":16,"stat.breakItem.257":3,"stat.mineBlock.85":1,"stat.mineBlock.87":124,"stat.mineBlock.89":8,"stat.mineBlock.88":1,"stat.craftItem.296":569,"stat.craftItem.297":189,"stat.jump":5408,"stat.mineBlock.98":1844,"stat.useItem.175":2,"stat.useItem.295":48,"stat.useItem.44":4,"achievement.blazeRod":9,"stat.damageTaken":391724,"stat.mineBlock.65":5,"stat.useItem.47":13,"stat.useItem.49":3,"stat.useItem.54":13,"stat.useItem.56":1,"stat.useItem.50":5,"stat.entityKilledBy.Zombie":2,"stat.damageDealt":339603,"stat.killEntity.Cow":10,"stat.mineBlock.73":21,"stat.killEntity.Pig":3,"stat.useItem.58":13,"stat.killEntity.DRPGTheGrue":3,"stat.useItem.274":1716,"stat.mineBlock.47":1,"stat.mineBlock.49":3,"stat.useItem.397":2,"stat.useItem.275":3,"stat.mineBlock.48":5,"stat.craftItem.264":36,"stat.walkOneCm":4801673,"stat.craftItem.265":143,"stat.craftItem.266":60,"stat.useItem.277":325,"stat.playerKills":3,"stat.useItem.279":193,"stat.craftItem.380":1,"stat.craftItem.381":1,"stat.craftItem.259":1,"stat.mineBlock.41":13,"stat.mineBlock.44":4,"stat.mineBlock.58":7,"stat.craftItem.371":27,"stat.mineBlock.57":4,"stat.craftItem.374":3,"stat.craftItem.377":2,"stat.craftItem.257":1,"stat.mineBlock.103":45,"stat.mineBlock.50":19,"stat.craftItem.126":6,"stat.mineBlock.54":6,"stat.mineBlock.109":50,"stat.mineBlock.56":156,"stat.killEntity.Skeleton":79,"stat.craftItem.285":1,"stat.craftItem.286":2,"stat.useItem.258":19,"stat.useItem.257":938,"stat.useItem.259":65,"stat.killEntity.Chicken":7,"stat.craftItem.280":308,"stat.killEntity.Spider":28,"stat.mobKills":591,"stat.mineBlock.21":9,"stat.useItem.380":1,"stat.mineBlock.20":5,"achievement.firstFossil":17,"stat.craftItem.274":24,"stat.mineBlock.38":2,"stat.craftItem.275":1,"stat.useItem.12":10,"stat.mineBlock.37":7,"stat.craftItem.277":1,"stat.craftItem.279":1,"stat.useItem.389":4,"stat.craftItem.270":4,"stat.craftItem.271":1,"stat.useItem.17":4,"stat.useItem.270":240,"stat.useItem.391":48,"stat.useItem.13":5,"stat.mineBlock.31":238,"stat.useItem.14":403,"stat.useItem.15":148,"stat.useItem.271":41,"stat.useItem.392":47}