{"stat.useItem.355":1,"stat.leaveGame":1,"stat.craftItem.65":21,"stat.mineBlock.139":1,"stat.mineBlock.14":12,"stat.mineBlock.13":2,"stat.mineBlock.16":59,"stat.mineBlock.15":48,"stat.mineBlock.18":156,"stat.mineBlock.17":25,"stat.swimOneCm":41913,"stat.climbOneCm":14710,"achievement.buildWorkBench":9,"achievement.exploreAllBiomes":{"value":0,"progress":["Sunflower Plains","Beach","ForestHills","Eerie","Ocean","Forest","River","Plains","Deep Ocean"]},"stat.mineBlock.12":10,"stat.mineBlock.4":22,"stat.mineBlock.3":29,"stat.mineBlock.1":1436,"stat.flyOneCm":71688,"achievement.buildPickaxe":52,"stat.craftItem.96":20,"stat.useItem.109":109,"achievement.buildBetterPickaxe":46,"stat.craftItem.109":64,"stat.craftItem.20":4,"stat.mineBlock.175":1,"stat.entityKilledBy.Skeleton":1,"achievement.mineWood":22,"stat.breakItem.270":4,"stat.useItem.85":1,"stat.breakItem.274":13,"achievement.openInventory":193,"stat.breakItem.275":1,"stat.entityKilledBy.Creeper":1,"stat.useItem.98":1109,"stat.craftItem.58":6,"stat.deaths":12,"stat.drop":86,"stat.useItem.96":15,"stat.playOneMinute":328993,"stat.mineBlock.170":128,"stat.craftItem.54":9,"stat.killEntity.Zombie":7,"stat.diveOneCm":34060,"stat.useItem.65":16,"stat.breakItem.257":3,"stat.mineBlock.85":1,"stat.craftItem.296":569,"stat.craftItem.297":189,"stat.jump":1648,"stat.fallOneCm":38994,"stat.mineBlock.98":1789,"stat.useItem.44":4,"stat.craftItem.5":64,"stat.damageTaken":13360,"stat.mineBlock.65":5,"stat.useItem.54":13,"stat.useItem.50":5,"stat.damageDealt":10510,"stat.mineBlock.73":13,"stat.useItem.58":11,"stat.useItem.274":1716,"stat.useItem.275":3,"stat.walkOneCm":1217423,"stat.craftItem.265":41,"stat.craftItem.266":12,"stat.playerKills":2,"stat.craftItem.259":1,"stat.mineBlock.41":4,"stat.mineBlock.44":4,"stat.mineBlock.58":6,"stat.mineBlock.50":9,"stat.mineBlock.54":4,"stat.mineBlock.109":50,"stat.mineBlock.56":8,"stat.killEntity.Skeleton":10,"stat.useItem.258":19,"stat.useItem.257":938,"stat.useItem.259":27,"stat.killEntity.Chicken":5,"stat.craftItem.280":268,"stat.killEntity.Spider":1,"stat.mobKills":61,"achievement.firstFossil":10,"stat.craftItem.274":24,"stat.useItem.6":7,"stat.craftItem.275":1,"stat.useItem.12":8,"stat.craftItem.277":1,"stat.craftItem.279":1,"stat.useItem.389":1,"halloweenSpirit":1,"stat.useItem.4":173,"stat.craftItem.270":4,"stat.craftItem.271":1,"stat.useItem.3":4,"stat.useItem.270":240,"stat.mineBlock.31":20,"stat.useItem.271":41}