{"stat.craftItem.61":2,"stat.craftItem.67":40,"stat.leaveGame":2,"stat.craftItem.65":48,"stat.mineBlock.139":2,"stat.mineBlock.18":380,"stat.mineBlock.17":60,"stat.swimOneCm":17206,"stat.climbOneCm":27891,"achievement.buildWorkBench":11,"stat.craftItem.324":2,"stat.craftItem.325":1,"achievement.exploreAllBiomes":{"value":0,"progress":["Sunflower Plains","Beach","ForestHills","Eerie","Ocean","Forest","River","Plains","Taiga","Deep Ocean"]},"stat.mineBlock.12":2,"stat.craftItem.364":26,"stat.mineBlock.4":20,"stat.mineBlock.3":31,"stat.mineBlock.1":55,"stat.flyOneCm":328553,"stat.craftItem.351":3,"stat.useItem.101":9,"achievement.buildPickaxe":17,"stat.useItem.109":147,"stat.craftItem.98":680,"achievement.buildBetterPickaxe":15,"stat.craftItem.109":96,"stat.useItem.324":5,"achievement.buildSword":2,"achievement.mineWood":55,"stat.breakItem.274":9,"achievement.openInventory":360,"stat.breakItem.275":1,"stat.craftItem.44":30,"achievement.killEnemy":12,"achievement.buildFurnace":4,"stat.useItem.98":1834,"stat.craftItem.58":6,"stat.deaths":6,"stat.drop":48,"stat.playOneMinute":274055,"stat.craftItem.50":32,"stat.craftItem.54":3,"stat.killEntity.Zombie":3,"stat.diveOneCm":16157,"stat.useItem.65":71,"stat.useItem.67":34,"stat.useItem.61":4,"stat.jump":2679,"stat.fallOneCm":84701,"achievement.killCow":3,"stat.craftItem.1":411,"stat.mineBlock.98":1054,"stat.useItem.44":34,"stat.craftItem.5":172,"stat.damageTaken":7180,"stat.mineBlock.61":3,"stat.mineBlock.65":68,"stat.mineBlock.67":33,"stat.useItem.54":4,"stat.useItem.50":87,"stat.damageDealt":6225,"stat.killEntity.Cow":5,"stat.useItem.58":16,"stat.useItem.274":1138,"stat.craftItem.263":21,"stat.useItem.275":213,"stat.walkOneCm":1756117,"stat.craftItem.265":53,"stat.craftItem.266":7,"stat.playerKills":1,"stat.craftItem.389":1,"stat.craftItem.139":6,"stat.mineBlock.44":5,"stat.mineBlock.58":9,"stat.mineBlock.101":1,"stat.mineBlock.50":26,"stat.mineBlock.54":2,"stat.mineBlock.109":69,"stat.killEntity.Skeleton":7,"stat.useItem.257":74,"stat.useItem.139":3,"stat.craftItem.280":420,"stat.killEntity.Spider":6,"stat.mobKills":39,"stat.craftItem.272":1,"stat.useItem.6":3,"stat.craftItem.274":8,"stat.craftItem.275":2,"achievement.acquireIron":4,"stat.craftItem.276":1,"stat.craftItem.277":1,"stat.craftItem.278":1,"stat.useItem.389":1,"stat.craftItem.279":1,"stat.useItem.1":3,"halloweenSpirit":1,"stat.useItem.4":23,"stat.craftItem.270":1,"stat.craftItem.271":1,"stat.useItem.3":51,"stat.useItem.270":19,"stat.mineBlock.31":50,"stat.useItem.272":95,"stat.useItem.271":18}