{"stat.craftItem.101":16,"stat.craftItem.61":2,"stat.craftItem.67":78,"stat.leaveGame":3,"stat.craftItem.65":48,"stat.mineBlock.139":2,"stat.mineBlock.14":2,"stat.mineBlock.16":150,"stat.mineBlock.18":445,"stat.mineBlock.17":66,"stat.swimOneCm":47608,"stat.climbOneCm":30508,"achievement.buildWorkBench":11,"stat.craftItem.324":2,"stat.craftItem.325":1,"achievement.scarab":2,"achievement.exploreAllBiomes":{"value":0,"progress":["Birch Forest Hills","Sunflower Plains","ForestHills","Magical Forest","Flower Forest","Roofed Forest","Plains","Beach","Eerie","Extreme Hills+","Ocean","Forest","River","Taiga","Extreme Hills","Swampland","Deep Ocean"]},"stat.mineBlock.12":89,"stat.craftItem.364":35,"stat.mineBlock.4":23,"stat.mineBlock.3":85,"stat.mineBlock.1":246,"stat.craftItem.359":1,"stat.flyOneCm":764555,"stat.craftItem.351":30,"stat.useItem.101":10,"achievement.buildPickaxe":19,"stat.craftItem.96":4,"stat.useItem.109":184,"stat.craftItem.98":680,"achievement.buildBetterPickaxe":17,"stat.mineBlock.129":2,"stat.craftItem.109":132,"stat.craftItem.20":84,"stat.mineBlock.175":3,"stat.killEntity.Creeper":1,"stat.useItem.324":5,"stat.craftItem.35":1,"achievement.buildSword":2,"achievement.mineWood":140,"stat.craftItem.320":18,"stat.breakItem.274":9,"achievement.openInventory":549,"stat.breakItem.275":1,"stat.mineBlock.161":505,"stat.mineBlock.162":159,"stat.craftItem.44":30,"achievement.killEnemy":47,"achievement.buildFurnace":4,"stat.useItem.98":1840,"stat.craftItem.58":6,"stat.deaths":25,"stat.drop":123,"stat.useItem.96":4,"stat.playOneMinute":423700,"stat.craftItem.50":104,"stat.killEntity.Sheep":3,"stat.craftItem.54":5,"stat.killEntity.Zombie":10,"stat.diveOneCm":40756,"stat.useItem.65":71,"stat.useItem.67":116,"stat.useItem.61":4,"stat.breakItem.257":1,"stat.jump":4673,"stat.fallOneCm":136815,"stat.craftItem.171":6,"achievement.killCow":8,"stat.craftItem.1":411,"stat.mineBlock.98":1062,"stat.useItem.44":34,"stat.craftItem.5":196,"stat.damageTaken":37151,"stat.mineBlock.61":3,"stat.mineBlock.65":68,"stat.mineBlock.67":39,"stat.useItem.54":4,"stat.useItem.50":132,"stat.damageDealt":33065,"stat.killEntity.Cow":5,"stat.mineBlock.73":1,"stat.killEntity.Pig":9,"stat.useItem.58":16,"stat.useItem.274":1138,"stat.useItem.20":2,"stat.craftItem.263":22,"stat.useItem.276":441,"stat.useItem.275":213,"stat.mineBlock.48":1,"stat.walkOneCm":2439624,"stat.craftItem.265":53,"stat.useItem.278":115,"stat.craftItem.266":7,"stat.useItem.277":135,"stat.playerKills":1,"stat.craftItem.389":15,"stat.useItem.279":34,"stat.craftItem.139":6,"stat.mineBlock.44":5,"stat.mineBlock.58":9,"stat.entityKilledBy.DRPGPumpkinSpider":3,"stat.mineBlock.101":3,"stat.mineBlock.50":28,"stat.mineBlock.54":2,"stat.mineBlock.109":72,"stat.killEntity.Skeleton":12,"stat.useItem.257":338,"stat.useItem.139":3,"stat.craftItem.280":448,"stat.killEntity.Spider":7,"stat.mobKills":91,"stat.mineBlock.20":2,"stat.craftItem.272":1,"achievement.firstFossil":53,"stat.useItem.6":21,"stat.craftItem.274":8,"stat.craftItem.275":2,"stat.useItem.12":2,"stat.mineBlock.37":2,"achievement.acquireIron":4,"stat.craftItem.276":1,"stat.craftItem.277":2,"stat.craftItem.278":2,"stat.useItem.389":16,"stat.craftItem.279":1,"stat.useItem.1":3,"halloweenSpirit":1,"stat.useItem.4":28,"stat.craftItem.270":1,"stat.craftItem.271":1,"stat.useItem.3":64,"stat.mineBlock.30":59,"stat.useItem.270":19,"stat.mineBlock.31":106,"stat.useItem.272":95,"stat.useItem.271":18}