{"stat.craftItem.101":64,"stat.craftItem.102":16,"stat.craftItem.61":2,"stat.craftItem.67":78,"stat.leaveGame":12,"stat.craftItem.65":48,"stat.killEntity.DRPGKobblin":3,"stat.mineBlock.139":2,"stat.mineBlock.14":102,"stat.mineBlock.13":1,"stat.mineBlock.16":154,"stat.mineBlock.15":27,"stat.mineBlock.18":448,"stat.mineBlock.17":66,"stat.swimOneCm":53696,"stat.craftItem.333":2,"stat.useItem.126":13,"stat.climbOneCm":32413,"achievement.buildWorkBench":11,"stat.craftItem.324":2,"stat.craftItem.325":2,"achievement.scarab":2,"achievement.exploreAllBiomes":{"value":0,"progress":["Birch Forest Hills","Sunflower Plains","ForestHills","Magical Forest","Flower Forest","Roofed Forest","Plains","Beach","Eerie","Extreme Hills+","Ocean","Forest","River","Taiga","Extreme Hills","Swampland","Deep Ocean","Hell"]},"stat.mineBlock.12":129,"stat.craftItem.364":35,"stat.entityKilledBy.Spider":1,"stat.mineBlock.4":30,"stat.mineBlock.5":58,"achievement.diamonds":3,"stat.mineBlock.3":1180,"stat.mineBlock.1":507,"stat.killEntity.DRPGEnderSpider":1,"stat.craftItem.359":1,"stat.flyOneCm":1763042,"stat.craftItem.351":96,"stat.useItem.101":61,"achievement.buildPickaxe":20,"stat.craftItem.96":4,"stat.useItem.109":184,"stat.craftItem.98":680,"achievement.buildBetterPickaxe":18,"stat.mineBlock.126":13,"stat.mineBlock.129":75,"stat.craftItem.109":132,"stat.craftItem.420":2,"stat.craftItem.20":84,"stat.mineBlock.175":14,"stat.killEntity.fiskheroes.Creetle":3,"stat.killEntity.Creeper":2,"stat.killEntity.DRPGUndeadMiner":1,"stat.useItem.324":6,"stat.craftItem.35":1,"achievement.buildSword":3,"achievement.mineWood":140,"stat.craftItem.320":18,"stat.breakItem.274":9,"achievement.openInventory":861,"stat.craftItem.42":3,"stat.breakItem.275":1,"stat.useItem.81":4,"stat.mineBlock.161":505,"stat.mineBlock.162":159,"stat.craftItem.44":30,"achievement.killEnemy":76,"achievement.buildFurnace":4,"stat.useItem.98":1900,"stat.craftItem.58":6,"stat.deaths":28,"stat.drop":208,"stat.useItem.96":4,"stat.playOneMinute":635657,"stat.craftItem.50":104,"stat.killEntity.Sheep":4,"stat.craftItem.54":5,"stat.mineBlock.164":20,"stat.killEntity.Zombie":16,"stat.diveOneCm":42376,"stat.useItem.65":73,"stat.useItem.67":116,"stat.useItem.61":4,"stat.breakItem.257":1,"stat.mineBlock.87":2,"stat.jump":8990,"stat.fallOneCm":160544,"stat.craftItem.171":6,"achievement.killCow":9,"stat.craftItem.1":411,"stat.mineBlock.98":1103,"achievement.fiskheroes.killCreetle":3,"stat.useItem.44":34,"stat.boatOneCm":207,"stat.craftItem.5":324,"stat.damageTaken":87433,"stat.mineBlock.61":3,"stat.mineBlock.65":68,"stat.mineBlock.67":39,"stat.useItem.54":5,"stat.useItem.50":200,"stat.damageDealt":43915,"stat.killEntity.Cow":6,"stat.mineBlock.73":5,"stat.killEntity.Pig":9,"stat.useItem.58":16,"stat.useItem.274":1138,"stat.useItem.20":2,"stat.craftItem.261":1,"stat.craftItem.263":24,"stat.useItem.276":451,"stat.useItem.275":213,"stat.mineBlock.48":1,"stat.walkOneCm":3394910,"stat.craftItem.265":53,"stat.useItem.278":624,"stat.craftItem.266":71,"stat.useItem.277":1132,"stat.craftItem.145":1,"stat.playerKills":1,"stat.craftItem.389":15,"stat.useItem.279":664,"stat.craftItem.381":1,"stat.craftItem.139":6,"stat.mineBlock.44":5,"stat.mineBlock.58":10,"stat.craftItem.371":9,"stat.useItem.164":20,"stat.entityKilledBy.DRPGPumpkinSpider":3,"stat.craftItem.377":2,"stat.mineBlock.103":37,"stat.mineBlock.101":30,"stat.mineBlock.50":33,"stat.craftItem.126":6,"stat.mineBlock.54":14,"stat.mineBlock.109":72,"stat.mineBlock.56":3,"stat.killEntity.Skeleton":14,"stat.craftItem.164":8,"stat.useItem.257":454,"achievement.portal":1,"stat.useItem.139":3,"stat.killEntity.Chicken":1,"stat.craftItem.280":452,"stat.killEntity.Spider":11,"stat.mobKills":134,"stat.mineBlock.20":3,"stat.craftItem.272":1,"achievement.firstFossil":82,"stat.useItem.6":22,"stat.craftItem.274":8,"stat.craftItem.275":2,"stat.useItem.12":10,"stat.mineBlock.37":4,"achievement.acquireIron":4,"stat.craftItem.276":1,"stat.craftItem.277":2,"stat.useItem.145":1,"stat.craftItem.278":2,"stat.useItem.389":16,"stat.craftItem.279":1,"stat.useItem.1":3,"halloweenSpirit":4,"stat.useItem.4":112,"stat.useItem.5":60,"stat.craftItem.270":1,"stat.craftItem.271":1,"stat.useItem.3":551,"stat.useItem.17":1,"stat.mineBlock.30":59,"stat.useItem.270":19,"stat.mineBlock.31":165,"stat.useItem.272":95,"stat.useItem.271":18}