{"stat.craftItem.61":2,"stat.craftItem.67":40,"stat.leaveGame":2,"stat.craftItem.65":48,"stat.mineBlock.139":2,"stat.mineBlock.16":83,"stat.mineBlock.18":383,"stat.mineBlock.17":60,"stat.swimOneCm":20323,"stat.climbOneCm":27891,"achievement.buildWorkBench":11,"stat.craftItem.324":2,"stat.craftItem.325":1,"achievement.scarab":2,"achievement.exploreAllBiomes":{"value":0,"progress":["Sunflower Plains","Beach","ForestHills","Eerie","Flower Forest","Ocean","Forest","River","Plains","Taiga","Deep Ocean"]},"stat.mineBlock.12":2,"stat.craftItem.364":26,"stat.mineBlock.4":22,"stat.mineBlock.3":31,"stat.mineBlock.1":156,"stat.flyOneCm":362093,"stat.craftItem.351":30,"stat.useItem.101":9,"achievement.buildPickaxe":17,"stat.useItem.109":147,"stat.craftItem.98":680,"achievement.buildBetterPickaxe":15,"stat.craftItem.109":96,"stat.useItem.324":5,"achievement.buildSword":2,"achievement.mineWood":55,"stat.breakItem.274":9,"achievement.openInventory":399,"stat.breakItem.275":1,"stat.craftItem.44":30,"achievement.killEnemy":15,"achievement.buildFurnace":4,"stat.useItem.98":1834,"stat.craftItem.58":6,"stat.deaths":7,"stat.drop":73,"stat.playOneMinute":299085,"stat.craftItem.50":104,"stat.craftItem.54":3,"stat.killEntity.Zombie":5,"stat.diveOneCm":16627,"stat.useItem.65":71,"stat.useItem.67":34,"stat.useItem.61":4,"stat.breakItem.257":1,"stat.jump":2923,"stat.fallOneCm":88654,"achievement.killCow":3,"stat.craftItem.1":411,"stat.mineBlock.98":1054,"stat.useItem.44":34,"stat.craftItem.5":172,"stat.damageTaken":8010,"stat.mineBlock.61":3,"stat.mineBlock.65":68,"stat.mineBlock.67":33,"stat.useItem.54":4,"stat.useItem.50":121,"stat.damageDealt":7235,"stat.killEntity.Cow":5,"stat.mineBlock.73":1,"stat.useItem.58":16,"stat.useItem.274":1138,"stat.craftItem.263":21,"stat.useItem.276":13,"stat.useItem.275":213,"stat.walkOneCm":1859562,"stat.craftItem.265":53,"stat.craftItem.266":7,"stat.useItem.277":4,"stat.playerKills":1,"stat.craftItem.389":10,"stat.useItem.279":15,"stat.craftItem.139":6,"stat.mineBlock.44":5,"stat.mineBlock.58":9,"stat.mineBlock.101":1,"stat.mineBlock.50":27,"stat.mineBlock.54":2,"stat.mineBlock.109":69,"stat.killEntity.Skeleton":8,"stat.useItem.257":309,"stat.useItem.139":3,"stat.craftItem.280":428,"stat.killEntity.Spider":6,"stat.mobKills":42,"stat.craftItem.272":1,"achievement.firstFossil":41,"stat.useItem.6":3,"stat.craftItem.274":8,"stat.craftItem.275":2,"achievement.acquireIron":4,"stat.craftItem.276":1,"stat.craftItem.277":1,"stat.craftItem.278":1,"stat.useItem.389":11,"stat.craftItem.279":1,"stat.useItem.1":3,"halloweenSpirit":1,"stat.useItem.4":23,"stat.craftItem.270":1,"stat.craftItem.271":1,"stat.useItem.3":51,"stat.useItem.270":19,"stat.mineBlock.31":50,"stat.useItem.272":95,"stat.useItem.271":18}