{"stat.craftItem.61":2,"stat.craftItem.67":78,"stat.leaveGame":2,"stat.craftItem.65":48,"stat.mineBlock.139":2,"stat.mineBlock.16":83,"stat.mineBlock.18":383,"stat.mineBlock.17":60,"stat.swimOneCm":20323,"stat.climbOneCm":27891,"achievement.buildWorkBench":11,"stat.craftItem.324":2,"stat.craftItem.325":1,"achievement.scarab":2,"achievement.exploreAllBiomes":{"value":0,"progress":["Sunflower Plains","Beach","ForestHills","Eerie","Flower Forest","Ocean","Forest","River","Plains","Taiga","Deep Ocean"]},"stat.mineBlock.12":89,"stat.craftItem.364":26,"stat.mineBlock.4":23,"stat.mineBlock.3":31,"stat.mineBlock.1":232,"stat.flyOneCm":393191,"stat.craftItem.351":30,"stat.useItem.101":9,"achievement.buildPickaxe":17,"stat.useItem.109":184,"stat.craftItem.98":680,"achievement.buildBetterPickaxe":15,"stat.craftItem.109":132,"stat.useItem.324":5,"achievement.buildSword":2,"achievement.mineWood":55,"stat.breakItem.274":9,"achievement.openInventory":423,"stat.breakItem.275":1,"stat.craftItem.44":30,"achievement.killEnemy":15,"achievement.buildFurnace":4,"stat.useItem.98":1834,"stat.craftItem.58":6,"stat.deaths":7,"stat.drop":78,"stat.playOneMinute":318365,"stat.craftItem.50":104,"stat.killEntity.Sheep":3,"stat.craftItem.54":3,"stat.killEntity.Zombie":5,"stat.diveOneCm":16627,"stat.useItem.65":71,"stat.useItem.67":116,"stat.useItem.61":4,"stat.breakItem.257":1,"stat.jump":3107,"stat.fallOneCm":89709,"achievement.killCow":3,"stat.craftItem.1":411,"stat.mineBlock.98":1060,"stat.useItem.44":34,"stat.craftItem.5":172,"stat.damageTaken":8010,"stat.mineBlock.61":3,"stat.mineBlock.65":68,"stat.mineBlock.67":39,"stat.useItem.54":4,"stat.useItem.50":125,"stat.damageDealt":7525,"stat.killEntity.Cow":5,"stat.mineBlock.73":1,"stat.useItem.58":16,"stat.useItem.274":1138,"stat.useItem.20":2,"stat.craftItem.263":22,"stat.useItem.276":18,"stat.useItem.275":213,"stat.walkOneCm":1963196,"stat.craftItem.265":53,"stat.craftItem.266":7,"stat.useItem.277":91,"stat.playerKills":1,"stat.craftItem.389":15,"stat.useItem.279":16,"stat.craftItem.139":6,"stat.mineBlock.44":5,"stat.mineBlock.58":9,"stat.mineBlock.101":1,"stat.mineBlock.50":27,"stat.mineBlock.54":2,"stat.mineBlock.109":72,"stat.killEntity.Skeleton":8,"stat.useItem.257":338,"stat.useItem.139":3,"stat.craftItem.280":428,"stat.killEntity.Spider":6,"stat.mobKills":45,"stat.mineBlock.20":2,"stat.craftItem.272":1,"achievement.firstFossil":53,"stat.useItem.6":3,"stat.craftItem.274":8,"stat.craftItem.275":2,"stat.useItem.12":2,"achievement.acquireIron":4,"stat.craftItem.276":1,"stat.craftItem.277":1,"stat.craftItem.278":1,"stat.useItem.389":15,"stat.craftItem.279":1,"stat.useItem.1":3,"halloweenSpirit":1,"stat.useItem.4":28,"stat.craftItem.270":1,"stat.craftItem.271":1,"stat.useItem.3":51,"stat.useItem.270":19,"stat.mineBlock.31":52,"stat.useItem.272":95,"stat.useItem.271":18}