{"stat.craftItem.101":16,"stat.craftItem.61":2,"stat.craftItem.67":78,"stat.leaveGame":10,"stat.craftItem.65":48,"stat.mineBlock.139":2,"stat.mineBlock.14":102,"stat.mineBlock.16":154,"stat.mineBlock.15":8,"stat.mineBlock.18":445,"stat.mineBlock.17":66,"stat.swimOneCm":49410,"stat.climbOneCm":31064,"achievement.buildWorkBench":11,"stat.craftItem.324":2,"stat.craftItem.325":2,"achievement.scarab":2,"achievement.exploreAllBiomes":{"value":0,"progress":["Birch Forest Hills","Sunflower Plains","ForestHills","Magical Forest","Flower Forest","Roofed Forest","Plains","Beach","Eerie","Extreme Hills+","Ocean","Forest","River","Taiga","Extreme Hills","Swampland","Deep Ocean"]},"stat.mineBlock.12":97,"stat.craftItem.364":35,"stat.mineBlock.4":23,"achievement.diamonds":3,"stat.mineBlock.3":129,"stat.mineBlock.1":305,"stat.craftItem.359":1,"stat.flyOneCm":820006,"stat.craftItem.351":33,"stat.useItem.101":16,"achievement.buildPickaxe":19,"stat.craftItem.96":4,"stat.useItem.109":184,"stat.craftItem.98":680,"achievement.buildBetterPickaxe":17,"stat.mineBlock.129":75,"stat.craftItem.109":132,"stat.craftItem.20":84,"stat.mineBlock.175":3,"stat.killEntity.Creeper":1,"stat.useItem.324":5,"stat.craftItem.35":1,"achievement.buildSword":2,"achievement.mineWood":140,"stat.craftItem.320":18,"stat.breakItem.274":9,"achievement.openInventory":621,"stat.breakItem.275":1,"stat.useItem.81":4,"stat.mineBlock.161":505,"stat.mineBlock.162":159,"stat.craftItem.44":30,"achievement.killEnemy":50,"achievement.buildFurnace":4,"stat.useItem.98":1843,"stat.craftItem.58":6,"stat.deaths":26,"stat.drop":131,"stat.useItem.96":4,"stat.playOneMinute":473577,"stat.craftItem.50":104,"stat.killEntity.Sheep":3,"stat.craftItem.54":5,"stat.killEntity.Zombie":12,"stat.diveOneCm":41036,"stat.useItem.65":71,"stat.useItem.67":116,"stat.useItem.61":4,"stat.breakItem.257":1,"stat.jump":4960,"stat.fallOneCm":145334,"stat.craftItem.171":6,"achievement.killCow":8,"stat.craftItem.1":411,"stat.mineBlock.98":1066,"stat.useItem.44":34,"stat.craftItem.5":196,"stat.damageTaken":41836,"stat.mineBlock.61":3,"stat.mineBlock.65":68,"stat.mineBlock.67":39,"stat.useItem.54":4,"stat.useItem.50":136,"stat.damageDealt":34505,"stat.killEntity.Cow":5,"stat.mineBlock.73":1,"stat.killEntity.Pig":9,"stat.useItem.58":16,"stat.useItem.274":1138,"stat.useItem.20":2,"stat.craftItem.263":22,"stat.useItem.276":451,"stat.useItem.275":213,"stat.mineBlock.48":1,"stat.walkOneCm":2623324,"stat.craftItem.265":53,"stat.useItem.278":410,"stat.craftItem.266":71,"stat.useItem.277":186,"stat.playerKills":1,"stat.craftItem.389":15,"stat.useItem.279":47,"stat.craftItem.139":6,"stat.mineBlock.44":5,"stat.mineBlock.58":9,"stat.entityKilledBy.DRPGPumpkinSpider":3,"stat.mineBlock.101":6,"stat.mineBlock.50":28,"stat.mineBlock.54":14,"stat.mineBlock.109":72,"stat.mineBlock.56":3,"stat.killEntity.Skeleton":13,"stat.useItem.257":338,"stat.useItem.139":3,"stat.killEntity.Chicken":1,"stat.craftItem.280":448,"stat.killEntity.Spider":7,"stat.mobKills":97,"stat.mineBlock.20":2,"stat.craftItem.272":1,"achievement.firstFossil":53,"stat.useItem.6":21,"stat.craftItem.274":8,"stat.craftItem.275":2,"stat.useItem.12":10,"stat.mineBlock.37":2,"achievement.acquireIron":4,"stat.craftItem.276":1,"stat.craftItem.277":2,"stat.craftItem.278":2,"stat.useItem.389":16,"stat.craftItem.279":1,"stat.useItem.1":3,"halloweenSpirit":1,"stat.useItem.4":30,"stat.craftItem.270":1,"stat.craftItem.271":1,"stat.useItem.3":64,"stat.useItem.17":1,"stat.mineBlock.30":59,"stat.useItem.270":19,"stat.mineBlock.31":106,"stat.useItem.272":95,"stat.useItem.271":18}